,name,price
0,artsy_0.jpg,12000.0
1,artsy_1.jpg,6250.0
2,artsy_2.jpg,5000.0
3,artsy_3.jpg,475.0
4,artsy_4.jpg,5100.0
5,artsy_5.jpg,5500.0
6,artsy_6.jpg,3600.0
7,artsy_7.jpg,16444.4
8,artsy_8.jpg,400.0
9,artsy_9.jpg,1400.0
10,artsy_10.jpg,5600.0
11,artsy_11.jpg,4000.0
12,artsy_12.jpg,15000.0
13,artsy_13.jpg,14000.0
14,artsy_14.jpg,8548.06
15,artsy_15.jpg,400.0
16,artsy_16.jpg,17031.7
17,artsy_17.jpg,15269.8
18,artsy_18.jpg,4300.0
19,artsy_19.jpg,7200.0
20,artsy_20.jpg,11985.0
21,artsy_21.jpg,7282.52
22,artsy_22.jpg,7200.0
23,artsy_23.jpg,6000.0
24,artsy_24.jpg,15165.91
25,artsy_25.jpg,4000.0
26,artsy_26.jpg,11000.0
27,artsy_27.jpg,8548.06
28,artsy_28.jpg,3800.0
29,artsy_29.jpg,4000.0
30,artsy_30.jpg,5873.0
31,artsy_31.jpg,17500.0
32,artsy_32.jpg,3400.0
33,artsy_33.jpg,3000.0
34,artsy_34.jpg,1034.04
35,artsy_35.jpg,8895.0
36,artsy_36.jpg,2900.0
37,artsy_37.jpg,7895.0
38,artsy_38.jpg,4000.0
39,artsy_39.jpg,9000.0
40,artsy_40.jpg,1168.73
41,artsy_41.jpg,5285.7
42,artsy_42.jpg,500.0
43,artsy_43.jpg,3600.0
44,artsy_44.jpg,2850.0
45,artsy_45.jpg,6000.0
46,artsy_46.jpg,12132.73
47,artsy_47.jpg,1447.66
48,artsy_48.jpg,7700.0
49,artsy_49.jpg,2757.44
50,artsy_50.jpg,2950.0
51,artsy_51.jpg,7000.0
52,artsy_52.jpg,5755.54
53,artsy_53.jpg,8692.04
54,artsy_54.jpg,5050.78
55,artsy_55.jpg,2757.44
56,artsy_56.jpg,4500.0
57,artsy_57.jpg,3500.0
58,artsy_58.jpg,6000.0
59,artsy_59.jpg,350.0
60,artsy_60.jpg,3817.45
61,artsy_61.jpg,9000.0
62,artsy_62.jpg,3600.0
63,artsy_63.jpg,6900.0
64,artsy_64.jpg,450.0
65,artsy_65.jpg,6107.92
66,artsy_66.jpg,12500.0
67,artsy_67.jpg,1521.11
68,artsy_68.jpg,4500.0
69,artsy_69.jpg,4950.0
70,artsy_70.jpg,20000.0
71,artsy_71.jpg,1700.0
72,artsy_72.jpg,6250.0
73,artsy_73.jpg,1500.0
74,artsy_74.jpg,11000.0
75,artsy_75.jpg,3800.0
76,artsy_76.jpg,9984.1
77,artsy_77.jpg,6000.0
78,artsy_78.jpg,3800.0
79,artsy_79.jpg,5000.0
80,artsy_80.jpg,17000.0
81,artsy_81.jpg,1700.0
82,artsy_82.jpg,5200.0
83,artsy_83.jpg,5500.0
84,artsy_84.jpg,350.0
85,artsy_85.jpg,4000.0
86,artsy_86.jpg,2750.0
87,artsy_87.jpg,2481.69
88,artsy_88.jpg,12000.0
89,artsy_89.jpg,2380.0
90,artsy_90.jpg,458.09
91,artsy_91.jpg,750.0
92,artsy_92.jpg,2000.0
93,artsy_93.jpg,2200.0
94,artsy_94.jpg,6000.0
95,artsy_95.jpg,450.0
96,artsy_96.jpg,5000.0
97,artsy_97.jpg,6700.0
98,artsy_98.jpg,293.65
99,artsy_99.jpg,12791.39
100,artsy_100.jpg,10571.4
101,artsy_101.jpg,7000.0
102,artsy_102.jpg,6000.0
103,artsy_103.jpg,1930.21
104,artsy_104.jpg,4950.0
105,artsy_105.jpg,17619.0
106,artsy_106.jpg,2819.04
107,artsy_107.jpg,8809.5
108,artsy_108.jpg,2055.55
109,artsy_109.jpg,2619.57
110,artsy_110.jpg,469.84
111,artsy_111.jpg,2200.0
112,artsy_112.jpg,1200.0
113,artsy_113.jpg,16000.0
114,artsy_114.jpg,1700.0
115,artsy_115.jpg,9455.53
116,artsy_116.jpg,11000.0
117,artsy_117.jpg,450.0
118,artsy_118.jpg,450.0
119,artsy_119.jpg,3000.0
120,artsy_120.jpg,7047.6
121,artsy_121.jpg,16544.63
122,artsy_122.jpg,2231.74
123,artsy_123.jpg,19380.9
124,artsy_124.jpg,3500.0
125,artsy_125.jpg,6107.92
126,artsy_126.jpg,18793.6
127,artsy_127.jpg,340.63
128,artsy_128.jpg,10000.0
129,artsy_129.jpg,5285.7
130,artsy_130.jpg,375.87
131,artsy_131.jpg,12500.0
132,artsy_132.jpg,4950.0
133,artsy_133.jpg,8000.0
134,artsy_134.jpg,1100.0
135,artsy_135.jpg,2600.0
136,artsy_136.jpg,1644.44
137,artsy_137.jpg,6107.92
138,artsy_138.jpg,2936.5
139,artsy_139.jpg,9396.8
140,artsy_140.jpg,3680.0
141,artsy_141.jpg,2500.0
142,artsy_142.jpg,939.68
143,artsy_143.jpg,800.0
144,artsy_144.jpg,3250.0
145,artsy_145.jpg,5200.0
146,artsy_146.jpg,1250.0
147,artsy_147.jpg,11029.76
148,artsy_148.jpg,1750.0
149,artsy_149.jpg,3600.0
150,artsy_150.jpg,4500.0
151,artsy_151.jpg,3200.0
152,artsy_152.jpg,4411.9
153,artsy_153.jpg,7634.9
154,artsy_154.jpg,8515.85
155,artsy_155.jpg,8950.0
156,artsy_156.jpg,11250.0
157,artsy_157.jpg,352.38
158,artsy_158.jpg,411.11
159,artsy_159.jpg,1800.0
160,artsy_160.jpg,1700.0
161,artsy_161.jpg,7900.0
162,artsy_162.jpg,14095.2
163,artsy_163.jpg,7047.6
164,artsy_164.jpg,4950.0
165,artsy_165.jpg,5500.0
166,artsy_166.jpg,6000.0
167,artsy_167.jpg,1800.0
168,artsy_168.jpg,4700.0
169,artsy_169.jpg,340.63
170,artsy_170.jpg,8104.74
171,artsy_171.jpg,4950.0
172,artsy_172.jpg,4370.0
173,artsy_173.jpg,4500.0
174,artsy_174.jpg,440.48
175,artsy_175.jpg,1000.0
176,artsy_176.jpg,7900.0
177,artsy_177.jpg,4500.0
178,artsy_178.jpg,3500.0
179,artsy_179.jpg,4500.0
180,artsy_180.jpg,4825.52
181,artsy_181.jpg,6812.68
182,artsy_182.jpg,3680.0
183,artsy_183.jpg,5950.0
184,artsy_184.jpg,12000.0
185,artsy_185.jpg,18500.0
186,artsy_186.jpg,5175.0
187,artsy_187.jpg,4000.0
188,artsy_188.jpg,4950.0
189,artsy_189.jpg,2500.0
190,artsy_190.jpg,5800.0
191,artsy_191.jpg,19900.0
192,artsy_192.jpg,340.63
193,artsy_193.jpg,340.63
194,artsy_194.jpg,8809.5
195,artsy_195.jpg,7800.0
196,artsy_196.jpg,8000.0
197,artsy_197.jpg,1175.0
198,artsy_198.jpg,8515.85
199,artsy_199.jpg,10500.0
200,artsy_200.jpg,9500.0
201,artsy_201.jpg,1000.0
202,artsy_202.jpg,499.21
203,artsy_203.jpg,1879.36
204,artsy_204.jpg,7800.0
205,artsy_205.jpg,12791.39
206,artsy_206.jpg,5700.0
207,artsy_207.jpg,2800.0
208,artsy_208.jpg,18000.0
209,artsy_209.jpg,3000.0
210,artsy_210.jpg,900.0
211,artsy_211.jpg,6107.92
212,artsy_212.jpg,18500.0
213,artsy_213.jpg,4500.0
214,artsy_214.jpg,3800.0
215,artsy_215.jpg,4100.0
216,artsy_216.jpg,293.65
217,artsy_217.jpg,10500.0
218,artsy_218.jpg,2819.04
219,artsy_219.jpg,1654.46
220,artsy_220.jpg,1100.0
221,artsy_221.jpg,1102.98
222,artsy_222.jpg,3200.0
223,artsy_223.jpg,3500.0
224,artsy_224.jpg,8000.0
225,artsy_225.jpg,8500.0
226,artsy_226.jpg,12000.0
227,artsy_227.jpg,16544.63
228,artsy_228.jpg,225.0
229,artsy_229.jpg,9396.8
230,artsy_230.jpg,1500.0
231,artsy_231.jpg,3600.0
232,artsy_232.jpg,1650.0
233,artsy_233.jpg,1950.0
234,artsy_234.jpg,12400.0
235,artsy_235.jpg,4463.48
236,artsy_236.jpg,975.0
237,artsy_237.jpg,2349.2
238,artsy_238.jpg,7500.0
239,artsy_239.jpg,1200.0
240,artsy_240.jpg,4100.0
241,artsy_241.jpg,4950.0
242,artsy_242.jpg,225.0
243,artsy_243.jpg,2500.0
244,artsy_244.jpg,5500.0
245,artsy_245.jpg,400.0
246,artsy_246.jpg,1800.0
247,artsy_247.jpg,7582.96
248,artsy_248.jpg,1800.0
249,artsy_249.jpg,15857.1
250,artsy_250.jpg,750.0
251,artsy_251.jpg,450.0
252,artsy_252.jpg,3500.0
253,artsy_253.jpg,11029.76
254,artsy_254.jpg,975.0
255,artsy_255.jpg,450.0
256,artsy_256.jpg,13500.0
257,artsy_257.jpg,450.0
258,artsy_258.jpg,225.0
259,artsy_259.jpg,3250.0
260,artsy_260.jpg,9000.0
261,artsy_261.jpg,176.19
262,artsy_262.jpg,4500.0
263,artsy_263.jpg,17000.0
264,artsy_264.jpg,19895.0
265,artsy_265.jpg,20000.0
266,artsy_266.jpg,3500.0
267,artsy_267.jpg,2757.44
268,artsy_268.jpg,13500.0
269,artsy_269.jpg,9500.0
270,artsy_270.jpg,2400.0
271,artsy_271.jpg,7000.0
272,artsy_272.jpg,2481.69
273,artsy_273.jpg,800.0
274,artsy_274.jpg,10400.0
275,artsy_275.jpg,1800.0
276,artsy_276.jpg,4500.0
277,artsy_277.jpg,9500.0
278,artsy_278.jpg,1100.0
279,artsy_279.jpg,13787.19
280,artsy_280.jpg,7047.6
281,artsy_281.jpg,600.0
282,artsy_282.jpg,469.84
283,artsy_283.jpg,8000.0
284,artsy_284.jpg,16000.0
285,artsy_285.jpg,293.65
286,artsy_286.jpg,3900.0
287,artsy_287.jpg,13860.28
288,artsy_288.jpg,14095.2
289,artsy_289.jpg,12333.3
290,artsy_290.jpg,3500.0
291,artsy_291.jpg,7500.0
292,artsy_292.jpg,950.0
293,artsy_293.jpg,10000.0
294,artsy_294.jpg,4500.0
295,artsy_295.jpg,3200.0
296,artsy_296.jpg,9279.34
297,artsy_297.jpg,15000.0
298,artsy_298.jpg,3680.0
299,artsy_299.jpg,6000.0
300,artsy_300.jpg,16000.0
301,artsy_301.jpg,1800.0
302,artsy_302.jpg,5800.0
303,artsy_303.jpg,258.41
304,artsy_304.jpg,6500.0
305,artsy_305.jpg,18793.6
306,artsy_306.jpg,4000.0
307,artsy_307.jpg,2231.74
308,artsy_308.jpg,12000.0
309,artsy_309.jpg,4700.0
310,artsy_310.jpg,5500.0
311,artsy_311.jpg,9306.36
312,artsy_312.jpg,3584.67
313,artsy_313.jpg,3000.0
314,artsy_314.jpg,5400.0
315,artsy_315.jpg,19000.0
316,artsy_316.jpg,8000.0
317,artsy_317.jpg,18441.22
318,artsy_318.jpg,4300.0
319,artsy_319.jpg,225.0
320,artsy_320.jpg,3800.0
321,artsy_321.jpg,4698.4
322,artsy_322.jpg,7582.96
323,artsy_323.jpg,4000.0
324,artsy_324.jpg,4750.0
325,artsy_325.jpg,6500.0
326,artsy_326.jpg,7500.0
327,artsy_327.jpg,9200.0
328,artsy_328.jpg,185.0
329,artsy_329.jpg,10350.0
330,artsy_330.jpg,12300.0
331,artsy_331.jpg,2200.0
332,artsy_332.jpg,7000.0
333,artsy_333.jpg,5400.0
334,artsy_334.jpg,1100.0
335,artsy_335.jpg,2500.0
336,artsy_336.jpg,7800.0
337,artsy_337.jpg,8800.0
338,artsy_338.jpg,17000.0
339,artsy_339.jpg,5000.0
340,artsy_340.jpg,450.0
341,artsy_341.jpg,600.0
342,artsy_342.jpg,5900.0
343,artsy_343.jpg,450.0
344,artsy_344.jpg,7987.28
345,artsy_345.jpg,399.36
346,artsy_346.jpg,12000.0
347,artsy_347.jpg,11158.7
348,artsy_348.jpg,13000.0
349,artsy_349.jpg,293.65
350,artsy_350.jpg,3600.0
351,artsy_351.jpg,6500.0
352,artsy_352.jpg,7500.0
353,artsy_353.jpg,3375.0
354,artsy_354.jpg,4000.0
355,artsy_355.jpg,495.0
356,artsy_356.jpg,2250.0
357,artsy_357.jpg,12900.0
358,artsy_358.jpg,2000.0
359,artsy_359.jpg,1010.16
360,artsy_360.jpg,4618.71
361,artsy_361.jpg,9396.8
362,artsy_362.jpg,293.65
363,artsy_363.jpg,5500.0
364,artsy_364.jpg,1500.0
365,artsy_365.jpg,16000.0
366,artsy_366.jpg,1800.0
367,artsy_367.jpg,2500.0
368,artsy_368.jpg,11804.73
369,artsy_369.jpg,340.63
370,artsy_370.jpg,293.65
371,artsy_371.jpg,2895.0
372,artsy_372.jpg,7000.0
373,artsy_373.jpg,7500.0
374,artsy_374.jpg,495.0
375,artsy_375.jpg,1900.0
376,artsy_376.jpg,4900.0
377,artsy_377.jpg,340.63
378,artsy_378.jpg,15000.0
379,artsy_379.jpg,7900.0
380,artsy_380.jpg,5000.0
381,artsy_381.jpg,4500.0
382,artsy_382.jpg,8272.32
383,artsy_383.jpg,5500.0
384,artsy_384.jpg,9396.8
385,artsy_385.jpg,5995.0
386,artsy_386.jpg,939.68
387,artsy_387.jpg,2812.0
388,artsy_388.jpg,9200.0
389,artsy_389.jpg,352.38
390,artsy_390.jpg,450.0
391,artsy_391.jpg,4300.0
392,artsy_392.jpg,395.0
393,artsy_393.jpg,10923.78
394,artsy_394.jpg,5850.0
395,artsy_395.jpg,950.0
396,artsy_396.jpg,4500.0
397,artsy_397.jpg,13787.19
398,artsy_398.jpg,1500.0
399,artsy_399.jpg,7987.28
400,artsy_400.jpg,4400.0
401,artsy_401.jpg,10000.0
402,artsy_402.jpg,2500.0
403,artsy_403.jpg,2500.0
404,artsy_404.jpg,998.41
405,artsy_405.jpg,3850.0
406,artsy_406.jpg,11746.0
407,artsy_407.jpg,8500.0
408,artsy_408.jpg,117.46
409,artsy_409.jpg,6500.0
410,artsy_410.jpg,16500.0
411,artsy_411.jpg,16444.4
412,artsy_412.jpg,5400.0
413,artsy_413.jpg,3000.0
414,artsy_414.jpg,8900.0
415,artsy_415.jpg,12500.0
416,artsy_416.jpg,4800.0
417,artsy_417.jpg,7500.0
418,artsy_418.jpg,340.63
419,artsy_419.jpg,4000.0
420,artsy_420.jpg,20000.0
421,artsy_421.jpg,5638.08
422,artsy_422.jpg,4500.0
423,artsy_423.jpg,17000.0
424,artsy_424.jpg,3600.0
425,artsy_425.jpg,3570.0
426,artsy_426.jpg,7500.0
427,artsy_427.jpg,2200.0
428,artsy_428.jpg,450.0
429,artsy_429.jpg,3500.0
430,artsy_430.jpg,4757.13
431,artsy_431.jpg,4500.0
432,artsy_432.jpg,2300.0
433,artsy_433.jpg,185.0
434,artsy_434.jpg,2200.0
435,artsy_435.jpg,7777.0
436,artsy_436.jpg,5500.0
437,artsy_437.jpg,10000.0
438,artsy_438.jpg,5400.0
439,artsy_439.jpg,1800.0
440,artsy_440.jpg,4500.0
441,artsy_441.jpg,5583.81
442,artsy_442.jpg,9500.0
443,artsy_443.jpg,1100.0
444,artsy_444.jpg,2000.0
445,artsy_445.jpg,1010.16
446,artsy_446.jpg,4000.0
447,artsy_447.jpg,2500.0
448,artsy_448.jpg,117.46
449,artsy_449.jpg,2936.5
450,artsy_450.jpg,4000.0
451,artsy_451.jpg,16500.0
452,artsy_452.jpg,800.0
453,artsy_453.jpg,340.63
454,artsy_454.jpg,950.0
455,artsy_455.jpg,5755.54
456,artsy_456.jpg,12000.0
457,artsy_457.jpg,1500.0
458,artsy_458.jpg,6500.0
459,artsy_459.jpg,16544.63
460,artsy_460.jpg,1800.0
461,artsy_461.jpg,13800.0
462,artsy_462.jpg,1800.0
463,artsy_463.jpg,3500.0
464,artsy_464.jpg,14000.0
465,artsy_465.jpg,15269.8
466,artsy_466.jpg,13895.0
467,artsy_467.jpg,8000.0
468,artsy_468.jpg,4500.0
469,artsy_469.jpg,1996.82
470,artsy_470.jpg,5600.0
471,artsy_471.jpg,8200.0
472,artsy_472.jpg,6500.0
473,artsy_473.jpg,16000.0
474,artsy_474.jpg,6800.0
475,artsy_475.jpg,3876.18
476,artsy_476.jpg,10923.78
477,artsy_477.jpg,8809.5
478,artsy_478.jpg,10000.0
479,artsy_479.jpg,6665.86
480,artsy_480.jpg,7450.0
481,artsy_481.jpg,2936.5
482,artsy_482.jpg,4500.0
483,artsy_483.jpg,13000.0
484,artsy_484.jpg,822.22
485,artsy_485.jpg,1010.16
486,artsy_486.jpg,370.0
487,artsy_487.jpg,1950.0
488,artsy_488.jpg,4800.0
489,artsy_489.jpg,2200.0
490,artsy_490.jpg,950.0
491,artsy_491.jpg,6000.0
492,artsy_492.jpg,8500.0
493,artsy_493.jpg,6150.0
494,artsy_494.jpg,2895.0
495,artsy_495.jpg,125.0
496,artsy_496.jpg,6800.0
497,artsy_497.jpg,15000.0
498,artsy_498.jpg,17000.0
499,artsy_499.jpg,16000.0
500,artsy_500.jpg,3000.0
501,artsy_501.jpg,12000.0
502,artsy_502.jpg,13000.0
503,artsy_503.jpg,4800.0
504,artsy_504.jpg,14800.0
505,artsy_505.jpg,1800.0
506,artsy_506.jpg,1450.0
507,artsy_507.jpg,225.0
508,artsy_508.jpg,11994.86
509,artsy_509.jpg,3400.0
510,artsy_510.jpg,100.0
511,artsy_511.jpg,5750.0
512,artsy_512.jpg,5000.0
513,artsy_513.jpg,4463.48
514,artsy_514.jpg,11746.0
515,artsy_515.jpg,3800.0
516,artsy_516.jpg,450.0
517,artsy_517.jpg,6824.66
518,artsy_518.jpg,1526.98
519,artsy_519.jpg,6800.0
520,artsy_520.jpg,10000.0
521,artsy_521.jpg,1654.46
522,artsy_522.jpg,12500.0
523,artsy_523.jpg,8000.0
524,artsy_524.jpg,1200.0
525,artsy_525.jpg,6500.0
526,artsy_526.jpg,19500.0
527,artsy_527.jpg,704.76
528,artsy_528.jpg,4000.0
529,artsy_529.jpg,6800.0
530,artsy_530.jpg,8895.0
531,artsy_531.jpg,4900.0
532,artsy_532.jpg,14000.0
533,artsy_533.jpg,4228.56
534,artsy_534.jpg,3860.41
535,artsy_535.jpg,225.0
536,artsy_536.jpg,6500.0
537,artsy_537.jpg,340.63
538,artsy_538.jpg,1200.0
539,artsy_539.jpg,17895.0
540,artsy_540.jpg,117.46
541,artsy_541.jpg,10000.0
542,artsy_542.jpg,3500.0
543,artsy_543.jpg,117.46
544,artsy_544.jpg,1879.36
545,artsy_545.jpg,9295.0
546,artsy_546.jpg,2850.0
547,artsy_547.jpg,1800.0
548,artsy_548.jpg,13000.0
549,artsy_549.jpg,11029.76
550,artsy_550.jpg,2500.0
551,artsy_551.jpg,3817.45
552,artsy_552.jpg,3900.0
553,artsy_553.jpg,2700.0
554,artsy_554.jpg,6300.0
555,artsy_555.jpg,4800.0
556,artsy_556.jpg,13000.0
557,artsy_557.jpg,8200.0
558,artsy_558.jpg,176.19
559,artsy_559.jpg,2500.0
560,artsy_560.jpg,1654.46
561,artsy_561.jpg,7987.28
562,artsy_562.jpg,15200.0
563,artsy_563.jpg,17619.0
564,artsy_564.jpg,3000.0
565,artsy_565.jpg,14476.55
566,artsy_566.jpg,7282.52
567,artsy_567.jpg,1900.0
568,artsy_568.jpg,3308.93
569,artsy_569.jpg,12000.0
570,artsy_570.jpg,4950.0
571,artsy_571.jpg,4000.0
572,artsy_572.jpg,975.0
573,artsy_573.jpg,14500.0
574,artsy_574.jpg,12500.0
575,artsy_575.jpg,200.0
576,artsy_576.jpg,6800.0
577,artsy_577.jpg,185.0
578,artsy_578.jpg,3200.0
579,artsy_579.jpg,409.0
580,artsy_580.jpg,3500.0
581,artsy_581.jpg,2700.0
582,artsy_582.jpg,3230.15
583,artsy_583.jpg,1644.44
584,artsy_584.jpg,18000.0
585,artsy_585.jpg,5400.0
586,artsy_586.jpg,1500.0
587,artsy_587.jpg,9000.0
588,artsy_588.jpg,1409.52
589,artsy_589.jpg,5500.0
590,artsy_590.jpg,18793.6
591,artsy_591.jpg,7475.0
592,artsy_592.jpg,4370.0
593,artsy_593.jpg,5755.54
594,artsy_594.jpg,400.0
595,artsy_595.jpg,5800.0
596,artsy_596.jpg,587.3
597,artsy_597.jpg,14000.0
598,artsy_598.jpg,7600.0
599,artsy_599.jpg,5995.0
600,artsy_600.jpg,8995.0
601,artsy_601.jpg,495.0
602,artsy_602.jpg,13700.0
603,artsy_603.jpg,6107.92
604,artsy_604.jpg,15000.0
605,artsy_605.jpg,2349.2
606,artsy_606.jpg,8000.0
607,artsy_607.jpg,2200.0
608,artsy_608.jpg,399.36
609,artsy_609.jpg,5755.54
610,artsy_610.jpg,1500.0
611,artsy_611.jpg,6375.0
612,artsy_612.jpg,185.0
613,artsy_613.jpg,2757.44
614,artsy_614.jpg,8500.0
615,artsy_615.jpg,3000.0
616,artsy_616.jpg,9396.8
617,artsy_617.jpg,1644.44
618,artsy_618.jpg,2000.0
619,artsy_619.jpg,1500.0
620,artsy_620.jpg,395.0
621,artsy_621.jpg,8895.0
622,artsy_622.jpg,4800.0
623,artsy_623.jpg,4825.52
624,artsy_624.jpg,7000.0
625,artsy_625.jpg,15000.0
626,artsy_626.jpg,4111.1
627,artsy_627.jpg,2757.44
628,artsy_628.jpg,3600.0
629,artsy_629.jpg,17619.0
630,artsy_630.jpg,6000.0
631,artsy_631.jpg,2500.0
632,artsy_632.jpg,896.17
633,artsy_633.jpg,4000.0
634,artsy_634.jpg,800.0
635,artsy_635.jpg,3300.0
636,artsy_636.jpg,950.0
637,artsy_637.jpg,8700.0
638,artsy_638.jpg,5285.7
639,artsy_639.jpg,17384.08
640,artsy_640.jpg,528.57
641,artsy_641.jpg,495.0
642,artsy_642.jpg,6107.92
643,artsy_643.jpg,17578.67
644,artsy_644.jpg,340.63
645,artsy_645.jpg,3406.34
646,artsy_646.jpg,11746.0
647,artsy_647.jpg,125.0
648,artsy_648.jpg,8500.0
649,artsy_649.jpg,13000.0
650,artsy_650.jpg,2700.0
651,artsy_651.jpg,18900.0
652,artsy_652.jpg,3800.0
653,artsy_653.jpg,10000.0
654,artsy_654.jpg,2800.0
655,artsy_655.jpg,8000.0
656,artsy_656.jpg,5500.0
657,artsy_657.jpg,4000.0
658,artsy_658.jpg,750.0
659,artsy_659.jpg,220.0
660,artsy_660.jpg,3288.88
661,artsy_661.jpg,16000.0
662,artsy_662.jpg,1900.0
663,artsy_663.jpg,2900.0
664,artsy_664.jpg,5520.62
665,artsy_665.jpg,600.0
666,artsy_666.jpg,14000.0
667,artsy_667.jpg,2481.69
668,artsy_668.jpg,4200.0
669,artsy_669.jpg,700.0
670,artsy_670.jpg,3000.0
671,artsy_671.jpg,5200.0
672,artsy_672.jpg,2300.0
673,artsy_673.jpg,8995.0
674,artsy_674.jpg,1000.0
675,artsy_675.jpg,4000.0
676,artsy_676.jpg,15500.0
677,artsy_677.jpg,4500.0
678,artsy_678.jpg,10895.0
679,artsy_679.jpg,125.0
680,artsy_680.jpg,2500.0
681,artsy_681.jpg,850.0
682,artsy_682.jpg,1409.52
683,artsy_683.jpg,16000.0
684,artsy_684.jpg,3377.86
685,artsy_685.jpg,1200.0
686,artsy_686.jpg,6000.0
687,artsy_687.jpg,11500.0
688,artsy_688.jpg,965.1
689,artsy_689.jpg,8633.31
690,artsy_690.jpg,18400.0
691,artsy_691.jpg,3750.0
692,artsy_692.jpg,14000.0
693,artsy_693.jpg,225.0
694,artsy_694.jpg,3102.12
695,artsy_695.jpg,12333.3
696,artsy_696.jpg,3102.12
697,artsy_697.jpg,75.0
698,artsy_698.jpg,12333.3
699,artsy_699.jpg,3230.15
700,artsy_700.jpg,2420.0
701,artsy_701.jpg,1800.0
702,artsy_702.jpg,6500.0
703,artsy_703.jpg,500.0
704,artsy_704.jpg,16209.48
705,artsy_705.jpg,6166.65
706,artsy_706.jpg,1761.9
707,artsy_707.jpg,3400.0
708,artsy_708.jpg,17619.0
709,artsy_709.jpg,9500.0
710,artsy_710.jpg,20000.0
711,artsy_711.jpg,125.0
712,artsy_712.jpg,3720.0
713,artsy_713.jpg,6800.0
714,artsy_714.jpg,19500.0
715,artsy_715.jpg,12200.0
716,artsy_716.jpg,14895.0
717,artsy_717.jpg,950.0
718,artsy_718.jpg,3100.0
719,artsy_719.jpg,12000.0
720,artsy_720.jpg,6695.22
721,artsy_721.jpg,14895.0
722,artsy_722.jpg,1950.0
723,artsy_723.jpg,340.63
724,artsy_724.jpg,6204.24
725,artsy_725.jpg,5285.7
726,artsy_726.jpg,6000.0
727,artsy_727.jpg,500.0
728,artsy_728.jpg,1950.0
729,artsy_729.jpg,9500.0
730,artsy_730.jpg,12000.0
731,artsy_731.jpg,5000.0
732,artsy_732.jpg,4800.0
733,artsy_733.jpg,19950.0
734,artsy_734.jpg,1250.0
735,artsy_735.jpg,6000.0
736,artsy_736.jpg,19500.0
737,artsy_737.jpg,5500.0
738,artsy_738.jpg,4495.0
739,artsy_739.jpg,16000.0
740,artsy_740.jpg,950.0
741,artsy_741.jpg,2500.0
742,artsy_742.jpg,399.36
743,artsy_743.jpg,4100.0
744,artsy_744.jpg,15857.1
745,artsy_745.jpg,4695.0
746,artsy_746.jpg,2642.85
747,artsy_747.jpg,12000.0
748,artsy_748.jpg,6500.0
749,artsy_749.jpg,1300.0
750,artsy_750.jpg,1200.0
751,artsy_751.jpg,3300.0
752,artsy_752.jpg,5500.0
753,artsy_753.jpg,3000.0
754,artsy_754.jpg,1900.0
755,artsy_755.jpg,3750.0
756,artsy_756.jpg,18793.6
757,artsy_757.jpg,896.17
758,artsy_758.jpg,7500.0
759,artsy_759.jpg,10000.0
760,artsy_760.jpg,3791.48
761,artsy_761.jpg,1250.0
762,artsy_762.jpg,800.0
763,artsy_763.jpg,12000.0
764,artsy_764.jpg,2349.2
765,artsy_765.jpg,750.0
766,artsy_766.jpg,4600.0
767,artsy_767.jpg,6000.0
768,artsy_768.jpg,5790.62
769,artsy_769.jpg,3200.0
770,artsy_770.jpg,1409.52
771,artsy_771.jpg,750.0
772,artsy_772.jpg,9500.0
773,artsy_773.jpg,4111.1
774,artsy_774.jpg,4200.0
775,artsy_775.jpg,8200.0
776,artsy_776.jpg,3400.0
777,artsy_777.jpg,3600.0
778,artsy_778.jpg,1250.0
779,artsy_779.jpg,185.0
780,artsy_780.jpg,11994.86
781,artsy_781.jpg,2250.0
782,artsy_782.jpg,6225.38
783,artsy_783.jpg,12000.0
784,artsy_784.jpg,14900.0
785,artsy_785.jpg,10000.0
786,artsy_786.jpg,450.0
787,artsy_787.jpg,3400.0
788,artsy_788.jpg,20000.0
789,artsy_789.jpg,18000.0
790,artsy_790.jpg,2500.0
791,artsy_791.jpg,1450.0
792,artsy_792.jpg,5600.0
793,artsy_793.jpg,16000.0
794,artsy_794.jpg,220.0
795,artsy_795.jpg,10500.0
796,artsy_796.jpg,8000.0
797,artsy_797.jpg,2500.0
798,artsy_798.jpg,7500.0
799,artsy_799.jpg,720.0
800,artsy_800.jpg,12000.0
801,artsy_801.jpg,7047.6
802,artsy_802.jpg,6695.22
803,artsy_803.jpg,75.0
804,artsy_804.jpg,3060.0
805,artsy_805.jpg,7600.0
806,artsy_806.jpg,10495.0
807,artsy_807.jpg,975.0
808,artsy_808.jpg,9984.1
809,artsy_809.jpg,100.0
810,artsy_810.jpg,1380.0
811,artsy_811.jpg,4111.1
812,artsy_812.jpg,1700.0
813,artsy_813.jpg,18000.0
814,artsy_814.jpg,13000.0
815,artsy_815.jpg,350.0
816,artsy_816.jpg,14000.0
817,artsy_817.jpg,1309.78
818,artsy_818.jpg,4950.0
819,artsy_819.jpg,3250.0
820,artsy_820.jpg,1500.0
821,artsy_821.jpg,4695.0
822,artsy_822.jpg,8000.0
823,artsy_823.jpg,2349.2
824,artsy_824.jpg,750.0
825,artsy_825.jpg,3900.0
826,artsy_826.jpg,5549.99
827,artsy_827.jpg,6800.0
828,artsy_828.jpg,5403.16
829,artsy_829.jpg,8000.0
830,artsy_830.jpg,9396.8
831,artsy_831.jpg,11029.76
832,artsy_832.jpg,6000.0
833,artsy_833.jpg,5285.7
834,artsy_834.jpg,4274.03
835,artsy_835.jpg,3650.0
836,artsy_836.jpg,4000.0
837,artsy_837.jpg,1500.0
838,artsy_838.jpg,352.38
839,artsy_839.jpg,5579.35
840,artsy_840.jpg,6548.92
841,artsy_841.jpg,2757.44
842,artsy_842.jpg,20000.0
843,artsy_843.jpg,16495.0
844,artsy_844.jpg,9467.28
845,artsy_845.jpg,14895.0
846,artsy_846.jpg,2500.0
847,artsy_847.jpg,3000.0
848,artsy_848.jpg,200.0
849,artsy_849.jpg,5500.0
850,artsy_850.jpg,10000.0
851,artsy_851.jpg,5300.0
852,artsy_852.jpg,10000.0
853,artsy_853.jpg,9900.0
854,artsy_854.jpg,18500.0
855,artsy_855.jpg,10500.0
856,artsy_856.jpg,2895.0
857,artsy_857.jpg,11746.0
858,artsy_858.jpg,15000.0
859,artsy_859.jpg,750.0
860,artsy_860.jpg,700.0
861,artsy_861.jpg,2400.0
862,artsy_862.jpg,7282.52
863,artsy_863.jpg,10340.4
864,artsy_864.jpg,6000.0
865,artsy_865.jpg,15000.0
866,artsy_866.jpg,3800.0
867,artsy_867.jpg,8515.85
868,artsy_868.jpg,587.3
869,artsy_869.jpg,15000.0
870,artsy_870.jpg,3112.69
871,artsy_871.jpg,16000.0
872,artsy_872.jpg,4000.0
873,artsy_873.jpg,690.0
874,artsy_874.jpg,8809.5
875,artsy_875.jpg,8222.2
876,artsy_876.jpg,3758.72
877,artsy_877.jpg,2700.0
878,artsy_878.jpg,3000.0
879,artsy_879.jpg,2250.0
880,artsy_880.jpg,3720.0
881,artsy_881.jpg,1400.0
882,artsy_882.jpg,2000.0
883,artsy_883.jpg,4463.48
884,artsy_884.jpg,4495.0
885,artsy_885.jpg,2000.0
886,artsy_886.jpg,7800.0
887,artsy_887.jpg,2400.0
888,artsy_888.jpg,3600.0
889,artsy_889.jpg,822.22
890,artsy_890.jpg,17000.0
891,artsy_891.jpg,2349.2
892,artsy_892.jpg,550.0
893,artsy_893.jpg,15000.0
894,artsy_894.jpg,2500.0
895,artsy_895.jpg,2349.2
896,artsy_896.jpg,7500.0
897,artsy_897.jpg,125.0
898,artsy_898.jpg,3000.0
899,artsy_899.jpg,6800.0
900,artsy_900.jpg,14095.2
901,artsy_901.jpg,3500.0
902,artsy_902.jpg,10000.0
903,artsy_903.jpg,9984.1
904,artsy_904.jpg,19995.0
905,artsy_905.jpg,200.0
906,artsy_906.jpg,2040.0
907,artsy_907.jpg,5500.0
908,artsy_908.jpg,3100.0
909,artsy_909.jpg,20000.0
910,artsy_910.jpg,6000.0
911,artsy_911.jpg,950.0
912,artsy_912.jpg,1121.74
913,artsy_913.jpg,17000.0
914,artsy_914.jpg,12132.73
915,artsy_915.jpg,4500.0
916,artsy_916.jpg,8500.0
917,artsy_917.jpg,6500.0
918,artsy_918.jpg,8809.5
919,artsy_919.jpg,1900.0
920,artsy_920.jpg,8500.0
921,artsy_921.jpg,4346.02
922,artsy_922.jpg,3800.0
923,artsy_923.jpg,10000.0
924,artsy_924.jpg,2800.0
925,artsy_925.jpg,7282.52
926,artsy_926.jpg,9396.8
927,artsy_927.jpg,176.19
928,artsy_928.jpg,7869.82
929,artsy_929.jpg,4000.0
930,artsy_930.jpg,3500.0
931,artsy_931.jpg,10500.0
932,artsy_932.jpg,14000.0
933,artsy_933.jpg,3288.88
934,artsy_934.jpg,12000.0
935,artsy_935.jpg,1585.71
936,artsy_936.jpg,3800.0
937,artsy_937.jpg,4400.0
938,artsy_938.jpg,3895.0
939,artsy_939.jpg,2500.0
940,artsy_940.jpg,10500.0
941,artsy_941.jpg,4580.94
942,artsy_942.jpg,2466.66
943,artsy_943.jpg,9495.0
944,artsy_944.jpg,13895.0
945,artsy_945.jpg,1200.0
946,artsy_946.jpg,980.0
947,artsy_947.jpg,1200.0
948,artsy_948.jpg,2936.5
949,artsy_949.jpg,3300.0
950,artsy_950.jpg,3550.0
951,artsy_951.jpg,234.92
952,artsy_952.jpg,14900.0
953,artsy_953.jpg,5000.0
954,artsy_954.jpg,2701.58
955,artsy_955.jpg,10340.4
956,artsy_956.jpg,4500.0
957,artsy_957.jpg,15152.34
958,artsy_958.jpg,12500.0
959,artsy_959.jpg,15000.0
960,artsy_960.jpg,6000.0
961,artsy_961.jpg,1500.0
962,artsy_962.jpg,9396.8
963,artsy_963.jpg,5790.62
964,artsy_964.jpg,13500.0
965,artsy_965.jpg,3200.0
966,artsy_966.jpg,10895.0
967,artsy_967.jpg,5600.0
968,artsy_968.jpg,17619.0
969,artsy_969.jpg,4500.0
970,artsy_970.jpg,3600.0
971,artsy_971.jpg,6000.0
972,artsy_972.jpg,1895.0
973,artsy_973.jpg,6000.0
974,artsy_974.jpg,340.63
975,artsy_975.jpg,8809.5
976,artsy_976.jpg,75.0
977,artsy_977.jpg,10000.0
978,artsy_978.jpg,8500.0
979,artsy_979.jpg,12000.0
980,artsy_980.jpg,200.0
981,artsy_981.jpg,3308.93
982,artsy_982.jpg,340.63
983,artsy_983.jpg,11980.0
984,artsy_984.jpg,8000.0
985,artsy_985.jpg,20000.0
986,artsy_986.jpg,3400.0
987,artsy_987.jpg,8500.0
988,artsy_988.jpg,9650.0
989,artsy_989.jpg,2700.0
990,artsy_990.jpg,4500.0
991,artsy_991.jpg,650.0
992,artsy_992.jpg,2500.0
993,artsy_993.jpg,7000.0
994,artsy_994.jpg,15000.0
995,artsy_995.jpg,4295.0
996,artsy_996.jpg,13000.0
997,artsy_997.jpg,13500.0
998,artsy_998.jpg,2500.0
999,artsy_999.jpg,12500.0
1000,artsy_1000.jpg,17619.0
1001,artsy_1001.jpg,7000.0
1002,artsy_1002.jpg,800.0
1003,artsy_1003.jpg,1900.0
1004,artsy_1004.jpg,3200.0
1005,artsy_1005.jpg,800.0
1006,artsy_1006.jpg,1100.0
1007,artsy_1007.jpg,1200.0
1008,artsy_1008.jpg,13500.0
1009,artsy_1009.jpg,1900.0
1010,artsy_1010.jpg,975.0
1011,artsy_1011.jpg,1400.0
1012,artsy_1012.jpg,7987.28
1013,artsy_1013.jpg,3300.0
1014,artsy_1014.jpg,950.0
1015,artsy_1015.jpg,8222.2
1016,artsy_1016.jpg,4111.1
1017,artsy_1017.jpg,7047.6
1018,artsy_1018.jpg,18793.6
1019,artsy_1019.jpg,225.0
1020,artsy_1020.jpg,10659.5
1021,artsy_1021.jpg,2500.0
1022,artsy_1022.jpg,4300.0
1023,artsy_1023.jpg,939.68
1024,artsy_1024.jpg,469.84
1025,artsy_1025.jpg,2936.5
1026,artsy_1026.jpg,7987.28
1027,artsy_1027.jpg,5873.0
1028,artsy_1028.jpg,6930.14
1029,artsy_1029.jpg,4000.0
1030,artsy_1030.jpg,4370.0
1031,artsy_1031.jpg,8809.5
1032,artsy_1032.jpg,4495.0
1033,artsy_1033.jpg,2550.63
1034,artsy_1034.jpg,9600.0
1035,artsy_1035.jpg,950.0
1036,artsy_1036.jpg,3000.0
1037,artsy_1037.jpg,5500.0
1038,artsy_1038.jpg,14682.5
1039,artsy_1039.jpg,7700.0
1040,artsy_1040.jpg,3308.93
1041,artsy_1041.jpg,12000.0
1042,artsy_1042.jpg,2000.0
1043,artsy_1043.jpg,17000.0
1044,artsy_1044.jpg,1800.0
1045,artsy_1045.jpg,225.0
1046,artsy_1046.jpg,3600.0
1047,artsy_1047.jpg,15000.0
1048,artsy_1048.jpg,6500.0
1049,artsy_1049.jpg,1400.0
1050,artsy_1050.jpg,16326.94
1051,artsy_1051.jpg,13700.0
1052,artsy_1052.jpg,15000.0
1053,artsy_1053.jpg,12333.3
1054,artsy_1054.jpg,334.76
1055,artsy_1055.jpg,14000.0
1056,artsy_1056.jpg,4700.0
1057,artsy_1057.jpg,8000.0
1058,artsy_1058.jpg,1150.0
1059,artsy_1059.jpg,5285.7
1060,artsy_1060.jpg,3495.0
1061,artsy_1061.jpg,14400.0
1062,artsy_1062.jpg,4411.9
1063,artsy_1063.jpg,9500.0
1064,artsy_1064.jpg,9396.8
1065,artsy_1065.jpg,2000.0
1066,artsy_1066.jpg,3850.0
1067,artsy_1067.jpg,4000.0
1068,artsy_1068.jpg,15625.0
1069,artsy_1069.jpg,16000.0
1070,artsy_1070.jpg,1500.0
1071,artsy_1071.jpg,2200.0
1072,artsy_1072.jpg,9500.0
1073,artsy_1073.jpg,7517.44
1074,artsy_1074.jpg,12920.6
1075,artsy_1075.jpg,12000.0
1076,artsy_1076.jpg,6300.0
1077,artsy_1077.jpg,8000.0
1078,artsy_1078.jpg,13507.9
1079,artsy_1079.jpg,6460.3
1080,artsy_1080.jpg,2300.0
1081,artsy_1081.jpg,9000.0
1082,artsy_1082.jpg,1800.0
1083,artsy_1083.jpg,4050.0
1084,artsy_1084.jpg,11719.11
1085,artsy_1085.jpg,18900.0
1086,artsy_1086.jpg,6225.38
1087,artsy_1087.jpg,3300.0
1088,artsy_1088.jpg,1000.0
1089,artsy_1089.jpg,5285.7
1090,artsy_1090.jpg,370.0
1091,artsy_1091.jpg,10000.0
1092,artsy_1092.jpg,1600.0
1093,artsy_1093.jpg,850.0
1094,artsy_1094.jpg,5395.0
1095,artsy_1095.jpg,2500.0
1096,artsy_1096.jpg,4300.0
1097,artsy_1097.jpg,9396.8
1098,artsy_1098.jpg,100.0
1099,artsy_1099.jpg,4100.0
1100,artsy_1100.jpg,3350.0
1101,artsy_1101.jpg,3109.01
1102,artsy_1102.jpg,800.0
1103,artsy_1103.jpg,14095.2
1104,artsy_1104.jpg,750.0
1105,artsy_1105.jpg,2936.5
1106,artsy_1106.jpg,9500.0
1107,artsy_1107.jpg,2500.0
1108,artsy_1108.jpg,3500.0
1109,artsy_1109.jpg,125.0
1110,artsy_1110.jpg,2500.0
1111,artsy_1111.jpg,18793.6
1112,artsy_1112.jpg,7500.0
1113,artsy_1113.jpg,2000.0
1114,artsy_1114.jpg,7500.0
1115,artsy_1115.jpg,100.0
1116,artsy_1116.jpg,18000.0
1117,artsy_1117.jpg,7500.0
1118,artsy_1118.jpg,3200.0
1119,artsy_1119.jpg,7000.0
1120,artsy_1120.jpg,458.09
1121,artsy_1121.jpg,18793.6
1122,artsy_1122.jpg,3288.88
1123,artsy_1123.jpg,1500.0
1124,artsy_1124.jpg,6000.0
1125,artsy_1125.jpg,3295.0
1126,artsy_1126.jpg,2400.0
1127,artsy_1127.jpg,1703.17
1128,artsy_1128.jpg,3000.0
1129,artsy_1129.jpg,10000.0
1130,artsy_1130.jpg,1500.0
1131,artsy_1131.jpg,650.0
1132,artsy_1132.jpg,6342.84
1133,artsy_1133.jpg,4800.0
1134,artsy_1134.jpg,17500.0
1135,artsy_1135.jpg,10000.0
1136,artsy_1136.jpg,16000.0
1137,artsy_1137.jpg,185.0
1138,artsy_1138.jpg,4500.0
1139,artsy_1139.jpg,2231.74
1140,artsy_1140.jpg,8104.74
1141,artsy_1141.jpg,4500.0
1142,artsy_1142.jpg,3000.0
1143,artsy_1143.jpg,10000.0
1144,artsy_1144.jpg,4200.0
1145,artsy_1145.jpg,6300.0
1146,artsy_1146.jpg,8000.0
1147,artsy_1147.jpg,10150.0
1148,artsy_1148.jpg,896.17
1149,artsy_1149.jpg,3400.0
1150,artsy_1150.jpg,986.66
1151,artsy_1151.jpg,2800.0
1152,artsy_1152.jpg,1500.0
1153,artsy_1153.jpg,4500.0
1154,artsy_1154.jpg,2500.0
1155,artsy_1155.jpg,6800.0
1156,artsy_1156.jpg,10000.0
1157,artsy_1157.jpg,950.0
1158,artsy_1158.jpg,4480.84
1159,artsy_1159.jpg,8500.0
1160,artsy_1160.jpg,4228.56
1161,artsy_1161.jpg,3100.0
1162,artsy_1162.jpg,6495.0
1163,artsy_1163.jpg,293.65
1164,artsy_1164.jpg,2500.0
1165,artsy_1165.jpg,6000.0
1166,artsy_1166.jpg,18500.0
1167,artsy_1167.jpg,350.0
1168,artsy_1168.jpg,850.0
1169,artsy_1169.jpg,9000.0
1170,artsy_1170.jpg,690.0
1171,artsy_1171.jpg,125.0
1172,artsy_1172.jpg,3200.0
1173,artsy_1173.jpg,125.0
1174,artsy_1174.jpg,800.0
1175,artsy_1175.jpg,11000.0
1176,artsy_1176.jpg,1200.0
1177,artsy_1177.jpg,14175.0
1178,artsy_1178.jpg,4000.0
1179,artsy_1179.jpg,11000.0
1180,artsy_1180.jpg,2757.44
1181,artsy_1181.jpg,300.0
1182,artsy_1182.jpg,3053.96
1183,artsy_1183.jpg,293.65
1184,artsy_1184.jpg,12895.0
1185,artsy_1185.jpg,6200.0
1186,artsy_1186.jpg,10439.84
1187,artsy_1187.jpg,1700.0
1188,artsy_1188.jpg,2700.0
1189,artsy_1189.jpg,2995.0
1190,artsy_1190.jpg,5750.0
1191,artsy_1191.jpg,3171.42
1192,artsy_1192.jpg,5500.0
1193,artsy_1193.jpg,3308.93
1194,artsy_1194.jpg,1761.9
1195,artsy_1195.jpg,5168.24
1196,artsy_1196.jpg,7500.0
1197,artsy_1197.jpg,2995.0
1198,artsy_1198.jpg,3500.0
1199,artsy_1199.jpg,13000.0
1200,artsy_1200.jpg,3900.0
1201,artsy_1201.jpg,4228.56
1202,artsy_1202.jpg,3250.0
1203,artsy_1203.jpg,704.76
1204,artsy_1204.jpg,1200.0
1205,artsy_1205.jpg,14000.0
1206,artsy_1206.jpg,4895.0
1207,artsy_1207.jpg,2349.2
1208,artsy_1208.jpg,14000.0
1209,artsy_1209.jpg,800.0
1210,artsy_1210.jpg,850.0
1211,artsy_1211.jpg,4000.0
1212,artsy_1212.jpg,9895.0
1213,artsy_1213.jpg,3495.0
1214,artsy_1214.jpg,10571.4
1215,artsy_1215.jpg,2895.0
1216,artsy_1216.jpg,4411.9
1217,artsy_1217.jpg,5873.0
1218,artsy_1218.jpg,6577.76
1219,artsy_1219.jpg,5400.0
1220,artsy_1220.jpg,2349.2
1221,artsy_1221.jpg,4000.0
1222,artsy_1222.jpg,850.0
1223,artsy_1223.jpg,16544.63
1224,artsy_1224.jpg,8515.85
1225,artsy_1225.jpg,4698.4
1226,artsy_1226.jpg,7200.0
1227,artsy_1227.jpg,12920.6
1228,artsy_1228.jpg,7047.6
1229,artsy_1229.jpg,4495.0
1230,artsy_1230.jpg,6000.0
1231,artsy_1231.jpg,2500.0
1232,artsy_1232.jpg,1100.0
1233,artsy_1233.jpg,400.0
1234,artsy_1234.jpg,5700.0
1235,artsy_1235.jpg,1409.52
1236,artsy_1236.jpg,200.0
1237,artsy_1237.jpg,13800.0
1238,artsy_1238.jpg,9000.0
1239,artsy_1239.jpg,15000.0
1240,artsy_1240.jpg,8000.0
1241,artsy_1241.jpg,3288.88
1242,artsy_1242.jpg,3000.0
1243,artsy_1243.jpg,13507.9
1244,artsy_1244.jpg,3500.0
1245,artsy_1245.jpg,5300.0
1246,artsy_1246.jpg,2800.0
1247,artsy_1247.jpg,1500.0
1248,artsy_1248.jpg,5400.0
1249,artsy_1249.jpg,7500.0
1250,artsy_1250.jpg,5500.0
1251,artsy_1251.jpg,5000.0
1252,artsy_1252.jpg,5895.0
1253,artsy_1253.jpg,3100.0
1254,artsy_1254.jpg,293.65
1255,artsy_1255.jpg,12333.3
1256,artsy_1256.jpg,12098.38
1257,artsy_1257.jpg,8000.0
1258,artsy_1258.jpg,8809.5
1259,artsy_1259.jpg,5000.0
1260,artsy_1260.jpg,12000.0
1261,artsy_1261.jpg,2200.0
1262,artsy_1262.jpg,7800.0
1263,artsy_1263.jpg,4111.1
1264,artsy_1264.jpg,2450.0
1265,artsy_1265.jpg,176.19
1266,artsy_1266.jpg,5000.0
1267,artsy_1267.jpg,5308.07
1268,artsy_1268.jpg,9600.0
1269,artsy_1269.jpg,234.92
1270,artsy_1270.jpg,1200.0
1271,artsy_1271.jpg,5800.0
1272,artsy_1272.jpg,1010.16
1273,artsy_1273.jpg,8500.0
1274,artsy_1274.jpg,3295.0
1275,artsy_1275.jpg,5462.5
1276,artsy_1276.jpg,1409.52
1277,artsy_1277.jpg,8000.0
1278,artsy_1278.jpg,1521.11
1279,artsy_1279.jpg,3720.0
1280,artsy_1280.jpg,17000.0
1281,artsy_1281.jpg,4500.0
1282,artsy_1282.jpg,1500.0
1283,artsy_1283.jpg,2800.0
1284,artsy_1284.jpg,2400.0
1285,artsy_1285.jpg,2750.0
1286,artsy_1286.jpg,10000.0
1287,artsy_1287.jpg,5050.78
1288,artsy_1288.jpg,8700.0
1289,artsy_1289.jpg,4950.0
1290,artsy_1290.jpg,3495.0
1291,artsy_1291.jpg,13000.0
1292,artsy_1292.jpg,1200.0
1293,artsy_1293.jpg,20000.0
1294,artsy_1294.jpg,3641.26
1295,artsy_1295.jpg,15269.8
1296,artsy_1296.jpg,681.27
1297,artsy_1297.jpg,9396.8
1298,artsy_1298.jpg,3200.0
1299,artsy_1299.jpg,1409.52
1300,artsy_1300.jpg,9396.8
1301,artsy_1301.jpg,800.0
1302,artsy_1302.jpg,2800.0
1303,artsy_1303.jpg,6675.0
1304,artsy_1304.jpg,2500.0
1305,artsy_1305.jpg,6000.0
1306,artsy_1306.jpg,1295.0
1307,artsy_1307.jpg,6000.0
1308,artsy_1308.jpg,2400.0
1309,artsy_1309.jpg,5755.54
1310,artsy_1310.jpg,950.0
1311,artsy_1311.jpg,3584.67
1312,artsy_1312.jpg,6000.0
1313,artsy_1313.jpg,2000.0
1314,artsy_1314.jpg,234.92
1315,artsy_1315.jpg,460.0
1316,artsy_1316.jpg,5000.0
1317,artsy_1317.jpg,5175.0
1318,artsy_1318.jpg,3308.93
1319,artsy_1319.jpg,1375.0
1320,artsy_1320.jpg,7950.0
1321,artsy_1321.jpg,1650.0
1322,artsy_1322.jpg,7000.0
1323,artsy_1323.jpg,5900.0
1324,artsy_1324.jpg,399.36
1325,artsy_1325.jpg,9500.0
1326,artsy_1326.jpg,5285.7
1327,artsy_1327.jpg,4000.0
1328,artsy_1328.jpg,125.0
1329,artsy_1329.jpg,10571.4
1330,artsy_1330.jpg,7200.0
1331,artsy_1331.jpg,6500.0
1332,artsy_1332.jpg,1000.0
1333,artsy_1333.jpg,9000.0
1334,artsy_1334.jpg,9000.0
1335,artsy_1335.jpg,5500.0
1336,artsy_1336.jpg,2349.2
1337,artsy_1337.jpg,9995.0
1338,artsy_1338.jpg,2400.0
1339,artsy_1339.jpg,14000.0
1340,artsy_1340.jpg,4757.13
1341,artsy_1341.jpg,4111.1
1342,artsy_1342.jpg,1200.0
1343,artsy_1343.jpg,3500.0
1344,artsy_1344.jpg,650.0
1345,artsy_1345.jpg,7517.44
1346,artsy_1346.jpg,6225.38
1347,artsy_1347.jpg,6107.92
1348,artsy_1348.jpg,3350.0
1349,artsy_1349.jpg,18793.6
1350,artsy_1350.jpg,3000.0
1351,artsy_1351.jpg,13507.9
1352,artsy_1352.jpg,8000.0
1353,artsy_1353.jpg,17600.0
1354,artsy_1354.jpg,4100.0
1355,artsy_1355.jpg,6350.0
1356,artsy_1356.jpg,800.0
1357,artsy_1357.jpg,9500.0
1358,artsy_1358.jpg,10000.0
1359,artsy_1359.jpg,800.0
1360,artsy_1360.jpg,15000.0
1361,artsy_1361.jpg,3500.0
1362,artsy_1362.jpg,2700.0
1363,artsy_1363.jpg,2343.82
1364,artsy_1364.jpg,1500.0
1365,artsy_1365.jpg,8809.5
1366,artsy_1366.jpg,5755.54
1367,artsy_1367.jpg,6617.85
1368,artsy_1368.jpg,225.0
1369,artsy_1369.jpg,15269.8
1370,artsy_1370.jpg,1500.0
1371,artsy_1371.jpg,19050.0
1372,artsy_1372.jpg,3200.0
1373,artsy_1373.jpg,3500.0
1374,artsy_1374.jpg,9455.53
1375,artsy_1375.jpg,350.0
1376,artsy_1376.jpg,20000.0
1377,artsy_1377.jpg,9895.0
1378,artsy_1378.jpg,1795.0
1379,artsy_1379.jpg,225.0
1380,artsy_1380.jpg,7987.28
1381,artsy_1381.jpg,2936.5
1382,artsy_1382.jpg,2642.85
1383,artsy_1383.jpg,1000.0
1384,artsy_1384.jpg,9279.34
1385,artsy_1385.jpg,11000.0
1386,artsy_1386.jpg,12000.0
1387,artsy_1387.jpg,9295.0
1388,artsy_1388.jpg,2995.0
1389,artsy_1389.jpg,17619.0
1390,artsy_1390.jpg,2000.0
1391,artsy_1391.jpg,4111.1
1392,artsy_1392.jpg,850.0
1393,artsy_1393.jpg,2757.44
1394,artsy_1394.jpg,1879.36
1395,artsy_1395.jpg,16000.0
1396,artsy_1396.jpg,176.19
1397,artsy_1397.jpg,8000.0
1398,artsy_1398.jpg,6548.92
1399,artsy_1399.jpg,3200.0
1400,artsy_1400.jpg,5200.0
1401,artsy_1401.jpg,8750.0
1402,artsy_1402.jpg,4995.0
1403,artsy_1403.jpg,12500.0
1404,artsy_1404.jpg,1200.0
1405,artsy_1405.jpg,7869.82
1406,artsy_1406.jpg,150.0
1407,artsy_1407.jpg,3758.72
1408,artsy_1408.jpg,6895.0
1409,artsy_1409.jpg,7634.9
1410,artsy_1410.jpg,10495.0
1411,artsy_1411.jpg,3876.18
1412,artsy_1412.jpg,234.92
1413,artsy_1413.jpg,3400.0
1414,artsy_1414.jpg,1879.36
1415,artsy_1415.jpg,3523.8
1416,artsy_1416.jpg,13895.0
1417,artsy_1417.jpg,4895.0
1418,artsy_1418.jpg,2500.0
1419,artsy_1419.jpg,9650.0
1420,artsy_1420.jpg,8500.0
1421,artsy_1421.jpg,4463.48
1422,artsy_1422.jpg,600.0
1423,artsy_1423.jpg,10000.0
1424,artsy_1424.jpg,2500.0
1425,artsy_1425.jpg,2757.44
1426,artsy_1426.jpg,12000.0
1427,artsy_1427.jpg,2995.0
1428,artsy_1428.jpg,5000.0
1429,artsy_1429.jpg,10000.0
1430,artsy_1430.jpg,3700.0
1431,artsy_1431.jpg,11000.0
1432,artsy_1432.jpg,2895.0
1433,artsy_1433.jpg,13495.0
1434,artsy_1434.jpg,800.0
1435,artsy_1435.jpg,7987.28
1436,artsy_1436.jpg,4750.0
1437,artsy_1437.jpg,500.0
1438,artsy_1438.jpg,850.0
1439,artsy_1439.jpg,6000.0
1440,artsy_1440.jpg,2619.57
1441,artsy_1441.jpg,4500.0
1442,artsy_1442.jpg,8222.2
1443,artsy_1443.jpg,4500.0
1444,artsy_1444.jpg,2757.44
1445,artsy_1445.jpg,10895.0
1446,artsy_1446.jpg,3112.69
1447,artsy_1447.jpg,3171.42
1448,artsy_1448.jpg,2100.0
1449,artsy_1449.jpg,8000.0
1450,artsy_1450.jpg,6460.3
1451,artsy_1451.jpg,12000.0
1452,artsy_1452.jpg,4463.48
1453,artsy_1453.jpg,3288.88
1454,artsy_1454.jpg,3300.0
1455,artsy_1455.jpg,3800.0
1456,artsy_1456.jpg,8000.0
1457,artsy_1457.jpg,400.0
1458,artsy_1458.jpg,11511.08
1459,artsy_1459.jpg,12800.0
1460,artsy_1460.jpg,4800.0
1461,artsy_1461.jpg,600.0
1462,artsy_1462.jpg,4100.0
1463,artsy_1463.jpg,1950.0
1464,artsy_1464.jpg,16544.63
1465,artsy_1465.jpg,5873.0
1466,artsy_1466.jpg,11500.0
1467,artsy_1467.jpg,3600.0
1468,artsy_1468.jpg,3495.0
1469,artsy_1469.jpg,2600.0
1470,artsy_1470.jpg,14000.0
1471,artsy_1471.jpg,3200.0
1472,artsy_1472.jpg,3523.8
1473,artsy_1473.jpg,2600.0
1474,artsy_1474.jpg,600.0
1475,artsy_1475.jpg,2600.0
1476,artsy_1476.jpg,3876.18
1477,artsy_1477.jpg,120.0
1478,artsy_1478.jpg,681.27
1479,artsy_1479.jpg,3700.0
1480,artsy_1480.jpg,650.0
1481,artsy_1481.jpg,6495.0
1482,artsy_1482.jpg,20000.0
1483,artsy_1483.jpg,7582.96
1484,artsy_1484.jpg,2500.0
1485,artsy_1485.jpg,1300.0
1486,artsy_1486.jpg,3446.8
1487,artsy_1487.jpg,3400.0
1488,artsy_1488.jpg,3000.0
1489,artsy_1489.jpg,6000.0
1490,artsy_1490.jpg,1644.44
1491,artsy_1491.jpg,3500.0
1492,artsy_1492.jpg,6895.0
1493,artsy_1493.jpg,13000.0
1494,artsy_1494.jpg,2800.0
1495,artsy_1495.jpg,9800.0
1496,artsy_1496.jpg,7500.0
1497,artsy_1497.jpg,4370.0
1498,artsy_1498.jpg,3584.67
1499,artsy_1499.jpg,9396.8
1500,artsy_1500.jpg,340.63
1501,artsy_1501.jpg,3000.0
1502,artsy_1502.jpg,650.0
1503,artsy_1503.jpg,2400.0
1504,artsy_1504.jpg,3400.0
1505,artsy_1505.jpg,15000.0
1506,artsy_1506.jpg,13125.0
1507,artsy_1507.jpg,8809.5
1508,artsy_1508.jpg,440.48
1509,artsy_1509.jpg,14330.12
1510,artsy_1510.jpg,2757.44
1511,artsy_1511.jpg,850.0
1512,artsy_1512.jpg,4000.0
1513,artsy_1513.jpg,125.0
1514,artsy_1514.jpg,17501.54
1515,artsy_1515.jpg,15700.0
1516,artsy_1516.jpg,9396.8
1517,artsy_1517.jpg,13500.0
1518,artsy_1518.jpg,6500.0
1519,artsy_1519.jpg,6800.0
1520,artsy_1520.jpg,2500.0
1521,artsy_1521.jpg,2600.0
1522,artsy_1522.jpg,6300.0
1523,artsy_1523.jpg,8500.0
1524,artsy_1524.jpg,2349.2
1525,artsy_1525.jpg,6500.0
1526,artsy_1526.jpg,6812.68
1527,artsy_1527.jpg,14625.0
1528,artsy_1528.jpg,1200.0
1529,artsy_1529.jpg,6812.68
1530,artsy_1530.jpg,4205.09
1531,artsy_1531.jpg,1500.0
1532,artsy_1532.jpg,5755.54
1533,artsy_1533.jpg,3850.0
1534,artsy_1534.jpg,9984.1
1535,artsy_1535.jpg,4000.0
1536,artsy_1536.jpg,1309.78
1537,artsy_1537.jpg,2757.44
1538,artsy_1538.jpg,950.0
1539,artsy_1539.jpg,10000.0
1540,artsy_1540.jpg,7895.0
1541,artsy_1541.jpg,17509.74
1542,artsy_1542.jpg,900.0
1543,artsy_1543.jpg,185.0
1544,artsy_1544.jpg,3495.0
1545,artsy_1545.jpg,10835.69
1546,artsy_1546.jpg,18895.0
1547,artsy_1547.jpg,1800.0
1548,artsy_1548.jpg,14000.0
1549,artsy_1549.jpg,4500.0
1550,artsy_1550.jpg,5000.0
1551,artsy_1551.jpg,1600.0
1552,artsy_1552.jpg,900.0
1553,artsy_1553.jpg,2200.0
1554,artsy_1554.jpg,1200.0
1555,artsy_1555.jpg,6200.0
1556,artsy_1556.jpg,176.19
1557,artsy_1557.jpg,1045.0
1558,artsy_1558.jpg,1057.14
1559,artsy_1559.jpg,2995.0
1560,artsy_1560.jpg,9044.42
1561,artsy_1561.jpg,4200.0
1562,artsy_1562.jpg,4000.0
1563,artsy_1563.jpg,2125.0
1564,artsy_1564.jpg,12000.0
1565,artsy_1565.jpg,3288.88
1566,artsy_1566.jpg,14500.0
1567,artsy_1567.jpg,293.65
1568,artsy_1568.jpg,12000.0
1569,artsy_1569.jpg,185.0
1570,artsy_1570.jpg,9866.64
1571,artsy_1571.jpg,1200.0
1572,artsy_1572.jpg,1200.0
1573,artsy_1573.jpg,3000.0
1574,artsy_1574.jpg,9396.8
1575,artsy_1575.jpg,3876.18
1576,artsy_1576.jpg,2600.0
1577,artsy_1577.jpg,12000.0
1578,artsy_1578.jpg,1800.0
1579,artsy_1579.jpg,10000.0
1580,artsy_1580.jpg,18000.0
1581,artsy_1581.jpg,15000.0
1582,artsy_1582.jpg,8633.31
1583,artsy_1583.jpg,5000.0
1584,artsy_1584.jpg,10000.0
1585,artsy_1585.jpg,4695.0
1586,artsy_1586.jpg,5300.0
1587,artsy_1587.jpg,5700.0
1588,artsy_1588.jpg,3000.0
1589,artsy_1589.jpg,3800.0
1590,artsy_1590.jpg,9400.0
1591,artsy_1591.jpg,20000.0
1592,artsy_1592.jpg,16400.0
1593,artsy_1593.jpg,850.0
1594,artsy_1594.jpg,2550.0
1595,artsy_1595.jpg,4200.0
1596,artsy_1596.jpg,9600.0
1597,artsy_1597.jpg,2500.0
1598,artsy_1598.jpg,3500.0
1599,artsy_1599.jpg,225.0
1600,artsy_1600.jpg,587.3
1601,artsy_1601.jpg,2725.07
1602,artsy_1602.jpg,1200.0
1603,artsy_1603.jpg,125.0
1604,artsy_1604.jpg,7000.0
1605,artsy_1605.jpg,8926.96
1606,artsy_1606.jpg,1800.0
1607,artsy_1607.jpg,3450.0
1608,artsy_1608.jpg,4495.0
1609,artsy_1609.jpg,4300.0
1610,artsy_1610.jpg,11000.0
1611,artsy_1611.jpg,2400.0
1612,artsy_1612.jpg,3500.0
1613,artsy_1613.jpg,3400.0
1614,artsy_1614.jpg,3300.0
1615,artsy_1615.jpg,5790.62
1616,artsy_1616.jpg,3450.0
1617,artsy_1617.jpg,12000.0
1618,artsy_1618.jpg,8500.0
1619,artsy_1619.jpg,450.0
1620,artsy_1620.jpg,9396.8
1621,artsy_1621.jpg,4825.52
1622,artsy_1622.jpg,18000.0
1623,artsy_1623.jpg,17250.0
1624,artsy_1624.jpg,15000.0
1625,artsy_1625.jpg,9866.64
1626,artsy_1626.jpg,7500.0
1627,artsy_1627.jpg,8500.0
1628,artsy_1628.jpg,1500.0
1629,artsy_1629.jpg,8000.0
1630,artsy_1630.jpg,18500.0
1631,artsy_1631.jpg,950.0
1632,artsy_1632.jpg,900.0
1633,artsy_1633.jpg,6200.0
1634,artsy_1634.jpg,10571.4
1635,artsy_1635.jpg,3033.18
1636,artsy_1636.jpg,2701.58
1637,artsy_1637.jpg,15000.0
1638,artsy_1638.jpg,18500.0
1639,artsy_1639.jpg,3150.0
1640,artsy_1640.jpg,10000.0
1641,artsy_1641.jpg,2500.0
1642,artsy_1642.jpg,20000.0
1643,artsy_1643.jpg,6300.0
1644,artsy_1644.jpg,3000.0
1645,artsy_1645.jpg,4698.4
1646,artsy_1646.jpg,1000.0
1647,artsy_1647.jpg,5550.0
1648,artsy_1648.jpg,500.0
1649,artsy_1649.jpg,5895.0
1650,artsy_1650.jpg,750.0
1651,artsy_1651.jpg,3946.66
1652,artsy_1652.jpg,176.19
1653,artsy_1653.jpg,2500.0
1654,artsy_1654.jpg,12333.3
1655,artsy_1655.jpg,340.63
1656,artsy_1656.jpg,5862.5
1657,artsy_1657.jpg,4000.0
1658,artsy_1658.jpg,4651.42
1659,artsy_1659.jpg,8500.0
1660,artsy_1660.jpg,2000.0
1661,artsy_1661.jpg,13500.0
1662,artsy_1662.jpg,10336.48
1663,artsy_1663.jpg,1500.0
1664,artsy_1664.jpg,3200.0
1665,artsy_1665.jpg,4895.0
1666,artsy_1666.jpg,5850.0
1667,artsy_1667.jpg,1500.0
1668,artsy_1668.jpg,13000.0
1669,artsy_1669.jpg,6812.68
1670,artsy_1670.jpg,12000.0
1671,artsy_1671.jpg,18500.0
1672,artsy_1672.jpg,13000.0
1673,artsy_1673.jpg,1800.0
1674,artsy_1674.jpg,8000.0
1675,artsy_1675.jpg,1996.82
1676,artsy_1676.jpg,3946.66
1677,artsy_1677.jpg,850.0
1678,artsy_1678.jpg,3950.0
1679,artsy_1679.jpg,325.0
1680,artsy_1680.jpg,6500.0
1681,artsy_1681.jpg,2000.0
1682,artsy_1682.jpg,125.0
1683,artsy_1683.jpg,20000.0
1684,artsy_1684.jpg,3523.8
1685,artsy_1685.jpg,5638.08
1686,artsy_1686.jpg,9396.8
1687,artsy_1687.jpg,16000.0
1688,artsy_1688.jpg,1900.0
1689,artsy_1689.jpg,1100.0
1690,artsy_1690.jpg,15000.0
1691,artsy_1691.jpg,1200.0
1692,artsy_1692.jpg,9651.04
1693,artsy_1693.jpg,2500.0
1694,artsy_1694.jpg,18000.0
1695,artsy_1695.jpg,16000.0
1696,artsy_1696.jpg,1950.0
1697,artsy_1697.jpg,1723.4
1698,artsy_1698.jpg,7987.28
1699,artsy_1699.jpg,3700.0
1700,artsy_1700.jpg,1121.74
1701,artsy_1701.jpg,5000.0
1702,artsy_1702.jpg,2000.0
1703,artsy_1703.jpg,11000.0
1704,artsy_1704.jpg,4900.0
1705,artsy_1705.jpg,2495.0
1706,artsy_1706.jpg,1800.0
1707,artsy_1707.jpg,1200.0
1708,artsy_1708.jpg,3500.0
1709,artsy_1709.jpg,281.9
1710,artsy_1710.jpg,125.0
1711,artsy_1711.jpg,17900.0
1712,artsy_1712.jpg,4815.86
1713,artsy_1713.jpg,1700.0
1714,artsy_1714.jpg,5500.0
1715,artsy_1715.jpg,8809.5
1716,artsy_1716.jpg,350.0
1717,artsy_1717.jpg,4500.0
1718,artsy_1718.jpg,11628.54
1719,artsy_1719.jpg,10900.0
1720,artsy_1720.jpg,6166.65
1721,artsy_1721.jpg,5300.0
1722,artsy_1722.jpg,5500.0
1723,artsy_1723.jpg,1309.78
1724,artsy_1724.jpg,175.0
1725,artsy_1725.jpg,850.0
1726,artsy_1726.jpg,7600.0
1727,artsy_1727.jpg,4686.27
1728,artsy_1728.jpg,5500.0
1729,artsy_1729.jpg,7500.0
1730,artsy_1730.jpg,9396.8
1731,artsy_1731.jpg,2400.0
1732,artsy_1732.jpg,4500.0
1733,artsy_1733.jpg,3000.0
1734,artsy_1734.jpg,9200.0
1735,artsy_1735.jpg,15525.0
1736,artsy_1736.jpg,13000.0
1737,artsy_1737.jpg,6000.0
1738,artsy_1738.jpg,3995.0
1739,artsy_1739.jpg,200.0
1740,artsy_1740.jpg,9100.0
1741,artsy_1741.jpg,4100.0
1742,artsy_1742.jpg,1526.98
1743,artsy_1743.jpg,400.0
1744,artsy_1744.jpg,6107.92
1745,artsy_1745.jpg,450.0
1746,artsy_1746.jpg,8500.0
1747,artsy_1747.jpg,10500.0
1748,artsy_1748.jpg,125.0
1749,artsy_1749.jpg,7200.0
1750,artsy_1750.jpg,1650.0
1751,artsy_1751.jpg,14500.0
1752,artsy_1752.jpg,16444.4
1753,artsy_1753.jpg,3300.0
1754,artsy_1754.jpg,800.0
1755,artsy_1755.jpg,15000.0
1756,artsy_1756.jpg,3308.93
1757,artsy_1757.jpg,2700.0
1758,artsy_1758.jpg,3000.0
1759,artsy_1759.jpg,3446.8
1760,artsy_1760.jpg,1500.0
1761,artsy_1761.jpg,2500.0
1762,artsy_1762.jpg,2550.63
1763,artsy_1763.jpg,3700.0
1764,artsy_1764.jpg,469.84
1765,artsy_1765.jpg,1726.66
1766,artsy_1766.jpg,4000.0
1767,artsy_1767.jpg,2757.44
1768,artsy_1768.jpg,2695.0
1769,artsy_1769.jpg,6659.98
1770,artsy_1770.jpg,800.0
1771,artsy_1771.jpg,800.0
1772,artsy_1772.jpg,1850.0
1773,artsy_1773.jpg,18100.0
1774,artsy_1774.jpg,6500.0
1775,artsy_1775.jpg,587.3
1776,artsy_1776.jpg,3695.0
1777,artsy_1777.jpg,500.0
1778,artsy_1778.jpg,8200.0
1779,artsy_1779.jpg,8000.0
1780,artsy_1780.jpg,7495.0
1781,artsy_1781.jpg,8400.0
1782,artsy_1782.jpg,2936.5
1783,artsy_1783.jpg,1151.11
1784,artsy_1784.jpg,6000.0
1785,artsy_1785.jpg,2500.0
1786,artsy_1786.jpg,18000.0
1787,artsy_1787.jpg,200.0
1788,artsy_1788.jpg,850.0
1789,artsy_1789.jpg,16895.0
1790,artsy_1790.jpg,2895.0
1791,artsy_1791.jpg,1526.98
1792,artsy_1792.jpg,8000.0
1793,artsy_1793.jpg,7047.6
1794,artsy_1794.jpg,434.6
1795,artsy_1795.jpg,3295.0
1796,artsy_1796.jpg,125.0
1797,artsy_1797.jpg,400.0
1798,artsy_1798.jpg,5285.7
1799,artsy_1799.jpg,1500.0
1800,artsy_1800.jpg,6500.0
1801,artsy_1801.jpg,3495.0
1802,artsy_1802.jpg,1526.98
1803,artsy_1803.jpg,7000.0
1804,artsy_1804.jpg,689.36
1805,artsy_1805.jpg,4600.0
1806,artsy_1806.jpg,13000.0
1807,artsy_1807.jpg,1309.78
1808,artsy_1808.jpg,16000.0
1809,artsy_1809.jpg,2700.0
1810,artsy_1810.jpg,7200.0
1811,artsy_1811.jpg,185.0
1812,artsy_1812.jpg,4100.0
1813,artsy_1813.jpg,3800.0
1814,artsy_1814.jpg,5000.0
1815,artsy_1815.jpg,293.65
1816,artsy_1816.jpg,10500.0
1817,artsy_1817.jpg,4495.0
1818,artsy_1818.jpg,6750.0
1819,artsy_1819.jpg,200.0
1820,artsy_1820.jpg,11999.0
1821,artsy_1821.jpg,125.0
1822,artsy_1822.jpg,850.0
1823,artsy_1823.jpg,4900.0
1824,artsy_1824.jpg,15269.8
1825,artsy_1825.jpg,15034.88
1826,artsy_1826.jpg,2400.0
1827,artsy_1827.jpg,2200.0
1828,artsy_1828.jpg,998.41
1829,artsy_1829.jpg,19000.0
1830,artsy_1830.jpg,2000.0
1831,artsy_1831.jpg,420.0
1832,artsy_1832.jpg,690.0
1833,artsy_1833.jpg,1700.0
1834,artsy_1834.jpg,6500.0
1835,artsy_1835.jpg,1895.0
1836,artsy_1836.jpg,1200.0
1837,artsy_1837.jpg,758.3
1838,artsy_1838.jpg,2200.0
1839,artsy_1839.jpg,460.0
1840,artsy_1840.jpg,1600.0
1841,artsy_1841.jpg,6930.14
1842,artsy_1842.jpg,2757.44
1843,artsy_1843.jpg,8050.0
1844,artsy_1844.jpg,7895.0
1845,artsy_1845.jpg,3033.18
1846,artsy_1846.jpg,1761.9
1847,artsy_1847.jpg,2800.0
1848,artsy_1848.jpg,14000.0
1849,artsy_1849.jpg,5050.78
1850,artsy_1850.jpg,18600.0
1851,artsy_1851.jpg,595.0
1852,artsy_1852.jpg,6000.0
1853,artsy_1853.jpg,11719.11
1854,artsy_1854.jpg,13000.0
1855,artsy_1855.jpg,1996.82
1856,artsy_1856.jpg,15000.0
1857,artsy_1857.jpg,1500.0
1858,artsy_1858.jpg,2500.0
1859,artsy_1859.jpg,15900.0
1860,artsy_1860.jpg,2068.08
1861,artsy_1861.jpg,8272.32
1862,artsy_1862.jpg,176.19
1863,artsy_1863.jpg,11000.0
1864,artsy_1864.jpg,1000.0
1865,artsy_1865.jpg,19500.0
1866,artsy_1866.jpg,8400.0
1867,artsy_1867.jpg,19853.56
1868,artsy_1868.jpg,5755.54
1869,artsy_1869.jpg,185.0
1870,artsy_1870.jpg,18000.0
1871,artsy_1871.jpg,1500.0
1872,artsy_1872.jpg,12132.73
1873,artsy_1873.jpg,1100.0
1874,artsy_1874.jpg,4200.0
1875,artsy_1875.jpg,4000.0
1876,artsy_1876.jpg,6930.14
1877,artsy_1877.jpg,1057.14
1878,artsy_1878.jpg,2600.0
1879,artsy_1879.jpg,10000.0
1880,artsy_1880.jpg,15000.0
1881,artsy_1881.jpg,8633.31
1882,artsy_1882.jpg,15857.1
1883,artsy_1883.jpg,4500.0
1884,artsy_1884.jpg,850.0
1885,artsy_1885.jpg,10000.0
1886,artsy_1886.jpg,6500.0
1887,artsy_1887.jpg,8000.0
1888,artsy_1888.jpg,1600.0
1889,artsy_1889.jpg,750.0
1890,artsy_1890.jpg,175.0
1891,artsy_1891.jpg,1861.27
1892,artsy_1892.jpg,6000.0
1893,artsy_1893.jpg,400.0
1894,artsy_1894.jpg,7000.0
1895,artsy_1895.jpg,8203.38
1896,artsy_1896.jpg,12000.0
1897,artsy_1897.jpg,3500.0
1898,artsy_1898.jpg,2500.0
1899,artsy_1899.jpg,5500.0
1900,artsy_1900.jpg,750.0
1901,artsy_1901.jpg,1950.0
1902,artsy_1902.jpg,7000.0
1903,artsy_1903.jpg,2114.28
1904,artsy_1904.jpg,3946.66
1905,artsy_1905.jpg,352.38
1906,artsy_1906.jpg,6500.0
1907,artsy_1907.jpg,2819.04
1908,artsy_1908.jpg,5500.0
1909,artsy_1909.jpg,16500.0
1910,artsy_1910.jpg,7400.0
1911,artsy_1911.jpg,1000.0
1912,artsy_1912.jpg,2000.0
1913,artsy_1913.jpg,12000.0
1914,artsy_1914.jpg,3600.0
1915,artsy_1915.jpg,1200.0
1916,artsy_1916.jpg,234.92
1917,artsy_1917.jpg,75.0
1918,artsy_1918.jpg,3200.0
1919,artsy_1919.jpg,2300.0
1920,artsy_1920.jpg,3375.0
1921,artsy_1921.jpg,850.0
1922,artsy_1922.jpg,2400.0
1923,artsy_1923.jpg,2100.0
1924,artsy_1924.jpg,4000.0
1925,artsy_1925.jpg,2349.2
1926,artsy_1926.jpg,5638.08
1927,artsy_1927.jpg,1151.11
1928,artsy_1928.jpg,7282.52
1929,artsy_1929.jpg,2400.0
1930,artsy_1930.jpg,2850.0
1931,artsy_1931.jpg,1950.0
1932,artsy_1932.jpg,2100.0
1933,artsy_1933.jpg,2349.2
1934,artsy_1934.jpg,10571.4
1935,artsy_1935.jpg,16000.0
1936,artsy_1936.jpg,11000.0
1937,artsy_1937.jpg,4850.0
1938,artsy_1938.jpg,3000.0
1939,artsy_1939.jpg,700.0
1940,artsy_1940.jpg,7500.0
1941,artsy_1941.jpg,176.19
1942,artsy_1942.jpg,1400.0
1943,artsy_1943.jpg,1879.36
1944,artsy_1944.jpg,1250.0
1945,artsy_1945.jpg,16544.63
1946,artsy_1946.jpg,6750.0
1947,artsy_1947.jpg,11158.7
1948,artsy_1948.jpg,4600.0
1949,artsy_1949.jpg,6100.0
1950,artsy_1950.jpg,1200.0
1951,artsy_1951.jpg,5000.0
1952,artsy_1952.jpg,2395.0
1953,artsy_1953.jpg,2550.63
1954,artsy_1954.jpg,900.0
1955,artsy_1955.jpg,3500.0
1956,artsy_1956.jpg,2800.0
1957,artsy_1957.jpg,2936.5
1958,artsy_1958.jpg,4750.0
1959,artsy_1959.jpg,10000.0
1960,artsy_1960.jpg,646.03
1961,artsy_1961.jpg,3200.0
1962,artsy_1962.jpg,9306.36
1963,artsy_1963.jpg,3200.0
1964,artsy_1964.jpg,4300.0
1965,artsy_1965.jpg,6500.0
1966,artsy_1966.jpg,2481.69
1967,artsy_1967.jpg,10923.78
1968,artsy_1968.jpg,6295.0
1969,artsy_1969.jpg,4800.0
1970,artsy_1970.jpg,5200.0
1971,artsy_1971.jpg,12333.3
1972,artsy_1972.jpg,2584.12
1973,artsy_1973.jpg,12000.0
1974,artsy_1974.jpg,1600.0
1975,artsy_1975.jpg,5800.0
1976,artsy_1976.jpg,2200.0
1977,artsy_1977.jpg,2900.0
1978,artsy_1978.jpg,14683.36
1979,artsy_1979.jpg,5514.88
1980,artsy_1980.jpg,4411.9
1981,artsy_1981.jpg,3053.96
1982,artsy_1982.jpg,2800.0
1983,artsy_1983.jpg,6225.38
1984,artsy_1984.jpg,13500.0
1985,artsy_1985.jpg,15269.8
1986,artsy_1986.jpg,4900.0
1987,artsy_1987.jpg,6500.0
1988,artsy_1988.jpg,7500.0
1989,artsy_1989.jpg,90.0
1990,artsy_1990.jpg,800.0
1991,artsy_1991.jpg,2757.44
1992,artsy_1992.jpg,6460.3
1993,artsy_1993.jpg,3300.0
1994,artsy_1994.jpg,4500.0
1995,artsy_1995.jpg,7895.0
1996,artsy_1996.jpg,350.0
1997,artsy_1997.jpg,9000.0
1998,artsy_1998.jpg,1800.0
1999,artsy_1999.jpg,2900.0
2000,artsy_2000.jpg,2800.0
2001,artsy_2001.jpg,9000.0
2002,artsy_2002.jpg,5800.0
2003,artsy_2003.jpg,12000.0
2004,artsy_2004.jpg,5000.0
2005,artsy_2005.jpg,6500.0
2006,artsy_2006.jpg,2757.44
2007,artsy_2007.jpg,1625.0
2008,artsy_2008.jpg,4000.0
2009,artsy_2009.jpg,7000.0
2010,artsy_2010.jpg,1700.0
2011,artsy_2011.jpg,3000.0
2012,artsy_2012.jpg,225.0
2013,artsy_2013.jpg,7582.96
2014,artsy_2014.jpg,12132.73
2015,artsy_2015.jpg,4825.52
2016,artsy_2016.jpg,3000.0
2017,artsy_2017.jpg,4411.9
2018,artsy_2018.jpg,850.0
2019,artsy_2019.jpg,6500.0
2020,artsy_2020.jpg,4825.52
2021,artsy_2021.jpg,6460.3
2022,artsy_2022.jpg,3895.0
2023,artsy_2023.jpg,1500.0
2024,artsy_2024.jpg,13787.19
2025,artsy_2025.jpg,2500.0
2026,artsy_2026.jpg,9600.0
2027,artsy_2027.jpg,125.0
2028,artsy_2028.jpg,3523.8
2029,artsy_2029.jpg,5000.0
2030,artsy_2030.jpg,7000.0
2031,artsy_2031.jpg,18000.0
2032,artsy_2032.jpg,9396.8
2033,artsy_2033.jpg,4000.0
2034,artsy_2034.jpg,2400.0
2035,artsy_2035.jpg,3500.0
2036,artsy_2036.jpg,5850.0
2037,artsy_2037.jpg,16544.63
2038,artsy_2038.jpg,1500.0
2039,artsy_2039.jpg,4000.0
2040,artsy_2040.jpg,3400.0
2041,artsy_2041.jpg,10500.0
2042,artsy_2042.jpg,4463.48
2043,artsy_2043.jpg,20000.0
2044,artsy_2044.jpg,300.0
2045,artsy_2045.jpg,9396.8
2046,artsy_2046.jpg,15269.8
2047,artsy_2047.jpg,11746.0
2048,artsy_2048.jpg,2200.0
2049,artsy_2049.jpg,12000.0
2050,artsy_2050.jpg,2757.44
2051,artsy_2051.jpg,10960.82
2052,artsy_2052.jpg,1526.98
2053,artsy_2053.jpg,1250.0
2054,artsy_2054.jpg,3758.72
2055,artsy_2055.jpg,2300.0
2056,artsy_2056.jpg,234.92
2057,artsy_2057.jpg,10195.53
2058,artsy_2058.jpg,12000.0
2059,artsy_2059.jpg,4000.0
2060,artsy_2060.jpg,3200.0
2061,artsy_2061.jpg,4000.0
2062,artsy_2062.jpg,4100.0
2063,artsy_2063.jpg,5638.08
2064,artsy_2064.jpg,16000.0
2065,artsy_2065.jpg,5500.0
2066,artsy_2066.jpg,12000.0
2067,artsy_2067.jpg,4500.0
2068,artsy_2068.jpg,3876.18
2069,artsy_2069.jpg,2757.44
2070,artsy_2070.jpg,3800.0
2071,artsy_2071.jpg,3895.0
2072,artsy_2072.jpg,3465.07
2073,artsy_2073.jpg,2819.04
2074,artsy_2074.jpg,3876.18
2075,artsy_2075.jpg,1800.0
2076,artsy_2076.jpg,3523.8
2077,artsy_2077.jpg,1875.0
2078,artsy_2078.jpg,3000.0
2079,artsy_2079.jpg,3500.0
2080,artsy_2080.jpg,2400.0
2081,artsy_2081.jpg,11746.0
2082,artsy_2082.jpg,9651.04
2083,artsy_2083.jpg,3800.0
2084,artsy_2084.jpg,5000.0
2085,artsy_2085.jpg,850.0
2086,artsy_2086.jpg,2600.0
2087,artsy_2087.jpg,1900.0
2088,artsy_2088.jpg,12000.0
2089,artsy_2089.jpg,325.0
2090,artsy_2090.jpg,6460.3
2091,artsy_2091.jpg,11746.0
2092,artsy_2092.jpg,4200.0
2093,artsy_2093.jpg,10219.02
2094,artsy_2094.jpg,2000.0
2095,artsy_2095.jpg,5000.0
2096,artsy_2096.jpg,2200.0
2097,artsy_2097.jpg,4300.0
2098,artsy_2098.jpg,2500.0
2099,artsy_2099.jpg,14000.0
2100,artsy_2100.jpg,14000.0
2101,artsy_2101.jpg,2600.0
2102,artsy_2102.jpg,5200.0
2103,artsy_2103.jpg,8809.5
2104,artsy_2104.jpg,8625.0
2105,artsy_2105.jpg,1300.0
2106,artsy_2106.jpg,8300.0
2107,artsy_2107.jpg,200.0
2108,artsy_2108.jpg,6950.0
2109,artsy_2109.jpg,3200.0
2110,artsy_2110.jpg,18500.0
2111,artsy_2111.jpg,8900.0
2112,artsy_2112.jpg,18793.6
2113,artsy_2113.jpg,4000.0
2114,artsy_2114.jpg,750.0
2115,artsy_2115.jpg,7500.0
2116,artsy_2116.jpg,150.0
2117,artsy_2117.jpg,2000.0
2118,artsy_2118.jpg,3446.8
2119,artsy_2119.jpg,6400.0
2120,artsy_2120.jpg,12000.0
2121,artsy_2121.jpg,5000.0
2122,artsy_2122.jpg,5495.0
2123,artsy_2123.jpg,5000.0
2124,artsy_2124.jpg,2800.0
2125,artsy_2125.jpg,16000.0
2126,artsy_2126.jpg,3641.26
2127,artsy_2127.jpg,2231.74
2128,artsy_2128.jpg,5400.0
2129,artsy_2129.jpg,8000.0
2130,artsy_2130.jpg,950.0
2131,artsy_2131.jpg,965.1
2132,artsy_2132.jpg,3000.0
2133,artsy_2133.jpg,750.0
2134,artsy_2134.jpg,800.0
2135,artsy_2135.jpg,7400.0
2136,artsy_2136.jpg,185.0
2137,artsy_2137.jpg,3523.8
2138,artsy_2138.jpg,2900.0
2139,artsy_2139.jpg,4698.4
2140,artsy_2140.jpg,9306.36
2141,artsy_2141.jpg,5495.0
2142,artsy_2142.jpg,18600.0
2143,artsy_2143.jpg,3946.66
2144,artsy_2144.jpg,500.0
2145,artsy_2145.jpg,4750.0
2146,artsy_2146.jpg,2495.0
2147,artsy_2147.jpg,15000.0
2148,artsy_2148.jpg,15000.0
2149,artsy_2149.jpg,325.0
2150,artsy_2150.jpg,15000.0
2151,artsy_2151.jpg,4580.94
2152,artsy_2152.jpg,460.0
2153,artsy_2153.jpg,7200.0
2154,artsy_2154.jpg,950.0
2155,artsy_2155.jpg,950.0
2156,artsy_2156.jpg,850.0
2157,artsy_2157.jpg,11746.0
2158,artsy_2158.jpg,5000.0
2159,artsy_2159.jpg,2200.0
2160,artsy_2160.jpg,9500.0
2161,artsy_2161.jpg,1350.0
2162,artsy_2162.jpg,3000.0
2163,artsy_2163.jpg,5300.0
2164,artsy_2164.jpg,3817.45
2165,artsy_2165.jpg,1292.06
2166,artsy_2166.jpg,3000.0
2167,artsy_2167.jpg,2349.2
2168,artsy_2168.jpg,800.0
2169,artsy_2169.jpg,14095.2
2170,artsy_2170.jpg,12000.0
2171,artsy_2171.jpg,8457.12
2172,artsy_2172.jpg,3446.8
2173,artsy_2173.jpg,11569.81
2174,artsy_2174.jpg,690.0
2175,artsy_2175.jpg,9895.0
2176,artsy_2176.jpg,5200.0
2177,artsy_2177.jpg,3250.0
2178,artsy_2178.jpg,1200.0
2179,artsy_2179.jpg,15750.0
2180,artsy_2180.jpg,450.0
2181,artsy_2181.jpg,2895.0
2182,artsy_2182.jpg,6500.0
2183,artsy_2183.jpg,2600.0
2184,artsy_2184.jpg,5400.0
2185,artsy_2185.jpg,1350.0
2186,artsy_2186.jpg,5200.0
2187,artsy_2187.jpg,2150.0
2188,artsy_2188.jpg,2550.63
2189,artsy_2189.jpg,1895.0
2190,artsy_2190.jpg,8295.0
2191,artsy_2191.jpg,5800.0
2192,artsy_2192.jpg,4111.1
2193,artsy_2193.jpg,1879.36
2194,artsy_2194.jpg,1996.82
2195,artsy_2195.jpg,1409.52
2196,artsy_2196.jpg,4495.0
2197,artsy_2197.jpg,12000.0
2198,artsy_2198.jpg,18000.0
2199,artsy_2199.jpg,1000.0
2200,artsy_2200.jpg,7500.0
2201,artsy_2201.jpg,3800.0
2202,artsy_2202.jpg,5050.78
2203,artsy_2203.jpg,15034.88
2204,artsy_2204.jpg,11000.0
2205,artsy_2205.jpg,6500.0
2206,artsy_2206.jpg,14400.0
2207,artsy_2207.jpg,17000.0
2208,artsy_2208.jpg,1292.06
2209,artsy_2209.jpg,8500.0
2210,artsy_2210.jpg,5500.0
2211,artsy_2211.jpg,6000.0
2212,artsy_2212.jpg,6812.68
2213,artsy_2213.jpg,6500.0
2214,artsy_2214.jpg,6107.92
2215,artsy_2215.jpg,7987.28
2216,artsy_2216.jpg,1000.0
2217,artsy_2217.jpg,3450.0
2218,artsy_2218.jpg,16000.0
2219,artsy_2219.jpg,3500.0
2220,artsy_2220.jpg,2400.0
2221,artsy_2221.jpg,8104.74
2222,artsy_2222.jpg,17619.0
2223,artsy_2223.jpg,18000.0
2224,artsy_2224.jpg,2800.0
2225,artsy_2225.jpg,9396.8
2226,artsy_2226.jpg,950.0
2227,artsy_2227.jpg,3495.0
2228,artsy_2228.jpg,1200.0
2229,artsy_2229.jpg,1500.0
2230,artsy_2230.jpg,3860.41
2231,artsy_2231.jpg,10960.82
2232,artsy_2232.jpg,1800.0
2233,artsy_2233.jpg,1700.0
2234,artsy_2234.jpg,10000.0
2235,artsy_2235.jpg,13000.0
2236,artsy_2236.jpg,10571.4
2237,artsy_2237.jpg,5000.0
2238,artsy_2238.jpg,600.0
2239,artsy_2239.jpg,4800.0
2240,artsy_2240.jpg,850.0
2241,artsy_2241.jpg,4274.03
2242,artsy_2242.jpg,4500.0
2243,artsy_2243.jpg,185.0
2244,artsy_2244.jpg,16209.48
2245,artsy_2245.jpg,2500.0
2246,artsy_2246.jpg,1500.0
2247,artsy_2247.jpg,8809.5
2248,artsy_2248.jpg,9600.0
2249,artsy_2249.jpg,11029.76
2250,artsy_2250.jpg,18793.6
2251,artsy_2251.jpg,3200.0
2252,artsy_2252.jpg,750.0
2253,artsy_2253.jpg,800.0
2254,artsy_2254.jpg,1200.0
2255,artsy_2255.jpg,1500.0
2256,artsy_2256.jpg,15000.0
2257,artsy_2257.jpg,9396.8
2258,artsy_2258.jpg,4200.0
2259,artsy_2259.jpg,18100.0
2260,artsy_2260.jpg,9500.0
2261,artsy_2261.jpg,1200.0
2262,artsy_2262.jpg,3295.0
2263,artsy_2263.jpg,6000.0
2264,artsy_2264.jpg,7582.96
2265,artsy_2265.jpg,7500.0
2266,artsy_2266.jpg,482.55
2267,artsy_2267.jpg,5400.0
2268,artsy_2268.jpg,9100.0
2269,artsy_2269.jpg,6460.3
2270,artsy_2270.jpg,4136.16
2271,artsy_2271.jpg,2349.2
2272,artsy_2272.jpg,7500.0
2273,artsy_2273.jpg,2349.2
2274,artsy_2274.jpg,1350.79
2275,artsy_2275.jpg,3584.67
2276,artsy_2276.jpg,12546.35
2277,artsy_2277.jpg,2757.44
2278,artsy_2278.jpg,13800.0
2279,artsy_2279.jpg,12000.0
2280,artsy_2280.jpg,5285.7
2281,artsy_2281.jpg,3860.41
2282,artsy_2282.jpg,5500.0
2283,artsy_2283.jpg,1057.14
2284,artsy_2284.jpg,4000.0
2285,artsy_2285.jpg,8800.0
2286,artsy_2286.jpg,15500.0
2287,artsy_2287.jpg,8222.2
2288,artsy_2288.jpg,1792.34
2289,artsy_2289.jpg,6500.0
2290,artsy_2290.jpg,3200.0
2291,artsy_2291.jpg,8300.0
2292,artsy_2292.jpg,20000.0
2293,artsy_2293.jpg,1300.0
2294,artsy_2294.jpg,6000.0
2295,artsy_2295.jpg,17702.76
2296,artsy_2296.jpg,9984.1
2297,artsy_2297.jpg,1174.6
2298,artsy_2298.jpg,4500.0
2299,artsy_2299.jpg,6204.24
2300,artsy_2300.jpg,5175.0
2301,artsy_2301.jpg,896.17
2302,artsy_2302.jpg,2936.5
2303,artsy_2303.jpg,11000.0
2304,artsy_2304.jpg,2500.0
2305,artsy_2305.jpg,2100.0
2306,artsy_2306.jpg,2757.44
2307,artsy_2307.jpg,3200.0
2308,artsy_2308.jpg,3000.0
2309,artsy_2309.jpg,500.0
2310,artsy_2310.jpg,11300.0
2311,artsy_2311.jpg,1409.52
2312,artsy_2312.jpg,1200.0
2313,artsy_2313.jpg,2757.44
2314,artsy_2314.jpg,9200.0
2315,artsy_2315.jpg,2200.0
2316,artsy_2316.jpg,14000.0
2317,artsy_2317.jpg,9200.0
2318,artsy_2318.jpg,19550.0
2319,artsy_2319.jpg,9000.0
2320,artsy_2320.jpg,293.65
2321,artsy_2321.jpg,3495.0
2322,artsy_2322.jpg,17500.0
2323,artsy_2323.jpg,800.0
2324,artsy_2324.jpg,1200.0
2325,artsy_2325.jpg,13800.0
2326,artsy_2326.jpg,10000.0
2327,artsy_2327.jpg,1800.0
2328,artsy_2328.jpg,400.0
2329,artsy_2329.jpg,13000.0
2330,artsy_2330.jpg,340.63
2331,artsy_2331.jpg,3000.0
2332,artsy_2332.jpg,15000.0
2333,artsy_2333.jpg,293.65
2334,artsy_2334.jpg,3895.0
2335,artsy_2335.jpg,3500.0
2336,artsy_2336.jpg,8500.0
2337,artsy_2337.jpg,293.65
2338,artsy_2338.jpg,340.63
2339,artsy_2339.jpg,2600.0
2340,artsy_2340.jpg,16000.0
2341,artsy_2341.jpg,3500.0
2342,artsy_2342.jpg,125.0
2343,artsy_2343.jpg,4300.0
2344,artsy_2344.jpg,17619.0
2345,artsy_2345.jpg,2114.28
2346,artsy_2346.jpg,3500.0
2347,artsy_2347.jpg,700.0
2348,artsy_2348.jpg,5000.0
2349,artsy_2349.jpg,4950.0
2350,artsy_2350.jpg,3993.64
2351,artsy_2351.jpg,1723.4
2352,artsy_2352.jpg,340.63
2353,artsy_2353.jpg,200.0
2354,artsy_2354.jpg,400.0
2355,artsy_2355.jpg,3929.35
2356,artsy_2356.jpg,2349.2
2357,artsy_2357.jpg,7000.0
2358,artsy_2358.jpg,11829.41
2359,artsy_2359.jpg,7987.28
2360,artsy_2360.jpg,3400.0
2361,artsy_2361.jpg,2584.12
2362,artsy_2362.jpg,1174.6
2363,artsy_2363.jpg,6460.3
2364,artsy_2364.jpg,2400.0
2365,artsy_2365.jpg,5873.0
2366,artsy_2366.jpg,45.0
2367,artsy_2367.jpg,4000.0
2368,artsy_2368.jpg,10360.0
2369,artsy_2369.jpg,45.0
2370,artsy_2370.jpg,11744.83
2371,artsy_2371.jpg,16000.0
2372,artsy_2372.jpg,7000.0
2373,artsy_2373.jpg,5300.0
2374,artsy_2374.jpg,3400.0
2375,artsy_2375.jpg,3500.0
2376,artsy_2376.jpg,1950.0
2377,artsy_2377.jpg,1000.0
2378,artsy_2378.jpg,5600.0
2379,artsy_2379.jpg,2819.04
2380,artsy_2380.jpg,7200.0
2381,artsy_2381.jpg,11719.11
2382,artsy_2382.jpg,758.3
2383,artsy_2383.jpg,17250.0
2384,artsy_2384.jpg,15269.8
2385,artsy_2385.jpg,5873.0
2386,artsy_2386.jpg,4200.0
2387,artsy_2387.jpg,6800.0
2388,artsy_2388.jpg,16000.0
2389,artsy_2389.jpg,2500.0
2390,artsy_2390.jpg,7500.0
2391,artsy_2391.jpg,1200.0
2392,artsy_2392.jpg,3000.0
2393,artsy_2393.jpg,19302.07
2394,artsy_2394.jpg,2584.12
2395,artsy_2395.jpg,1200.0
2396,artsy_2396.jpg,1600.0
2397,artsy_2397.jpg,4800.0
2398,artsy_2398.jpg,3929.35
2399,artsy_2399.jpg,18000.0
2400,artsy_2400.jpg,9000.0
2401,artsy_2401.jpg,9500.0
2402,artsy_2402.jpg,8000.0
2403,artsy_2403.jpg,2400.0
2404,artsy_2404.jpg,587.3
2405,artsy_2405.jpg,18100.0
2406,artsy_2406.jpg,900.0
2407,artsy_2407.jpg,3295.0
2408,artsy_2408.jpg,13500.0
2409,artsy_2409.jpg,3288.88
2410,artsy_2410.jpg,9500.0
2411,artsy_2411.jpg,10500.0
2412,artsy_2412.jpg,10000.0
2413,artsy_2413.jpg,8000.0
2414,artsy_2414.jpg,10895.0
2415,artsy_2415.jpg,1550.0
2416,artsy_2416.jpg,2500.0
2417,artsy_2417.jpg,6450.0
2418,artsy_2418.jpg,250.0
2419,artsy_2419.jpg,16500.0
2420,artsy_2420.jpg,9396.8
2421,artsy_2421.jpg,250.0
2422,artsy_2422.jpg,2500.0
2423,artsy_2423.jpg,15000.0
2424,artsy_2424.jpg,2600.0
2425,artsy_2425.jpg,12500.0
2426,artsy_2426.jpg,16544.63
2427,artsy_2427.jpg,14095.2
2428,artsy_2428.jpg,11000.0
2429,artsy_2429.jpg,7360.0
2430,artsy_2430.jpg,8000.0
2431,artsy_2431.jpg,4500.0
2432,artsy_2432.jpg,4500.0
2433,artsy_2433.jpg,10571.4
2434,artsy_2434.jpg,2600.0
2435,artsy_2435.jpg,13225.0
2436,artsy_2436.jpg,4000.0
2437,artsy_2437.jpg,375.0
2438,artsy_2438.jpg,9396.8
2439,artsy_2439.jpg,3000.0
2440,artsy_2440.jpg,9850.0
2441,artsy_2441.jpg,2750.0
2442,artsy_2442.jpg,2550.63
2443,artsy_2443.jpg,2000.0
2444,artsy_2444.jpg,8000.0
2445,artsy_2445.jpg,15800.0
2446,artsy_2446.jpg,1996.82
2447,artsy_2447.jpg,3200.0
2448,artsy_2448.jpg,3600.0
2449,artsy_2449.jpg,4463.48
2450,artsy_2450.jpg,250.0
2451,artsy_2451.jpg,1421.27
2452,artsy_2452.jpg,2600.0
2453,artsy_2453.jpg,450.0
2454,artsy_2454.jpg,1200.0
2455,artsy_2455.jpg,3580.0
2456,artsy_2456.jpg,5495.0
2457,artsy_2457.jpg,5495.0
2458,artsy_2458.jpg,1500.0
2459,artsy_2459.jpg,18000.0
2460,artsy_2460.jpg,4500.0
2461,artsy_2461.jpg,10000.0
2462,artsy_2462.jpg,775.24
2463,artsy_2463.jpg,469.84
2464,artsy_2464.jpg,3500.0
2465,artsy_2465.jpg,1150.0
2466,artsy_2466.jpg,880.95
2467,artsy_2467.jpg,9600.0
2468,artsy_2468.jpg,10600.0
2469,artsy_2469.jpg,4480.84
2470,artsy_2470.jpg,9895.0
2471,artsy_2471.jpg,6225.38
2472,artsy_2472.jpg,13000.0
2473,artsy_2473.jpg,14000.0
2474,artsy_2474.jpg,550.0
2475,artsy_2475.jpg,13000.0
2476,artsy_2476.jpg,8000.0
2477,artsy_2477.jpg,14850.0
2478,artsy_2478.jpg,2000.0
2479,artsy_2479.jpg,2500.0
2480,artsy_2480.jpg,1200.0
2481,artsy_2481.jpg,160.0
2482,artsy_2482.jpg,8400.0
2483,artsy_2483.jpg,5200.0
2484,artsy_2484.jpg,1879.36
2485,artsy_2485.jpg,7000.0
2486,artsy_2486.jpg,11000.0
2487,artsy_2487.jpg,6000.0
2488,artsy_2488.jpg,3500.0
2489,artsy_2489.jpg,12000.0
2490,artsy_2490.jpg,1200.0
2491,artsy_2491.jpg,13000.0
2492,artsy_2492.jpg,9396.8
2493,artsy_2493.jpg,700.0
2494,artsy_2494.jpg,9984.1
2495,artsy_2495.jpg,2757.44
2496,artsy_2496.jpg,4500.0
2497,artsy_2497.jpg,16000.0
2498,artsy_2498.jpg,528.57
2499,artsy_2499.jpg,10000.0
2500,artsy_2500.jpg,8457.12
2501,artsy_2501.jpg,14000.0
2502,artsy_2502.jpg,4200.0
2503,artsy_2503.jpg,5200.0
2504,artsy_2504.jpg,1200.0
2505,artsy_2505.jpg,5500.0
2506,artsy_2506.jpg,300.0
2507,artsy_2507.jpg,400.0
2508,artsy_2508.jpg,800.0
2509,artsy_2509.jpg,8000.0
2510,artsy_2510.jpg,45.0
2511,artsy_2511.jpg,18500.0
2512,artsy_2512.jpg,1500.0
2513,artsy_2513.jpg,1761.9
2514,artsy_2514.jpg,13000.0
2515,artsy_2515.jpg,1600.0
2516,artsy_2516.jpg,12000.0
2517,artsy_2517.jpg,8500.0
2518,artsy_2518.jpg,4500.0
2519,artsy_2519.jpg,14800.0
2520,artsy_2520.jpg,1500.0
2521,artsy_2521.jpg,4411.9
2522,artsy_2522.jpg,11000.0
2523,artsy_2523.jpg,200.0
2524,artsy_2524.jpg,11746.0
2525,artsy_2525.jpg,9200.0
2526,artsy_2526.jpg,11900.0
2527,artsy_2527.jpg,17619.0
2528,artsy_2528.jpg,1292.06
2529,artsy_2529.jpg,750.0
2530,artsy_2530.jpg,2114.28
2531,artsy_2531.jpg,1500.0
2532,artsy_2532.jpg,5500.0
2533,artsy_2533.jpg,14895.0
2534,artsy_2534.jpg,16000.0
2535,artsy_2535.jpg,125.0
2536,artsy_2536.jpg,281.9
2537,artsy_2537.jpg,7200.0
2538,artsy_2538.jpg,19500.0
2539,artsy_2539.jpg,300.0
2540,artsy_2540.jpg,450.0
2541,artsy_2541.jpg,2349.2
2542,artsy_2542.jpg,3995.0
2543,artsy_2543.jpg,220.0
2544,artsy_2544.jpg,9984.1
2545,artsy_2545.jpg,5700.0
2546,artsy_2546.jpg,1644.44
2547,artsy_2547.jpg,199.68
2548,artsy_2548.jpg,7500.0
2549,artsy_2549.jpg,1200.0
2550,artsy_2550.jpg,7295.0
2551,artsy_2551.jpg,45.0
2552,artsy_2552.jpg,4000.0
2553,artsy_2553.jpg,1761.9
2554,artsy_2554.jpg,950.0
2555,artsy_2555.jpg,17619.0
2556,artsy_2556.jpg,13000.0
2557,artsy_2557.jpg,1292.06
2558,artsy_2558.jpg,2100.0
2559,artsy_2559.jpg,7000.0
2560,artsy_2560.jpg,6500.0
2561,artsy_2561.jpg,6300.0
2562,artsy_2562.jpg,2400.0
2563,artsy_2563.jpg,1210.0
2564,artsy_2564.jpg,6500.0
2565,artsy_2565.jpg,9500.0
2566,artsy_2566.jpg,185.0
2567,artsy_2567.jpg,7634.9
2568,artsy_2568.jpg,4995.0
2569,artsy_2569.jpg,12685.68
2570,artsy_2570.jpg,3000.0
2571,artsy_2571.jpg,13495.0
2572,artsy_2572.jpg,5200.0
2573,artsy_2573.jpg,7927.64
2574,artsy_2574.jpg,6812.68
2575,artsy_2575.jpg,10571.4
2576,artsy_2576.jpg,1115.87
2577,artsy_2577.jpg,450.0
2578,artsy_2578.jpg,12408.47
2579,artsy_2579.jpg,15096.98
2580,artsy_2580.jpg,4500.0
2581,artsy_2581.jpg,3500.0
2582,artsy_2582.jpg,6500.0
2583,artsy_2583.jpg,2100.0
2584,artsy_2584.jpg,13000.0
2585,artsy_2585.jpg,3850.0
2586,artsy_2586.jpg,12800.0
2587,artsy_2587.jpg,2050.0
2588,artsy_2588.jpg,2481.69
2589,artsy_2589.jpg,1200.0
2590,artsy_2590.jpg,10571.4
2591,artsy_2591.jpg,350.0
2592,artsy_2592.jpg,250.0
2593,artsy_2593.jpg,1200.0
2594,artsy_2594.jpg,2400.0
2595,artsy_2595.jpg,5600.0
2596,artsy_2596.jpg,45.0
2597,artsy_2597.jpg,3523.8
2598,artsy_2598.jpg,200.0
2599,artsy_2599.jpg,2300.0
2600,artsy_2600.jpg,7634.9
2601,artsy_2601.jpg,11000.0
2602,artsy_2602.jpg,2700.0
2603,artsy_2603.jpg,14338.68
2604,artsy_2604.jpg,14080.0
2605,artsy_2605.jpg,1100.0
2606,artsy_2606.jpg,2481.69
2607,artsy_2607.jpg,4800.0
2608,artsy_2608.jpg,1309.78
2609,artsy_2609.jpg,4500.0
2610,artsy_2610.jpg,2250.0
2611,artsy_2611.jpg,7000.0
2612,artsy_2612.jpg,17000.0
2613,artsy_2613.jpg,2500.0
2614,artsy_2614.jpg,18793.6
2615,artsy_2615.jpg,1409.52
2616,artsy_2616.jpg,8500.0
2617,artsy_2617.jpg,2290.47
2618,artsy_2618.jpg,2500.0
2619,artsy_2619.jpg,1500.0
2620,artsy_2620.jpg,750.0
2621,artsy_2621.jpg,7200.0
2622,artsy_2622.jpg,2895.31
2623,artsy_2623.jpg,5000.0
2624,artsy_2624.jpg,1200.0
2625,artsy_2625.jpg,5873.0
2626,artsy_2626.jpg,2349.2
2627,artsy_2627.jpg,2550.0
2628,artsy_2628.jpg,896.17
2629,artsy_2629.jpg,1761.9
2630,artsy_2630.jpg,5200.0
2631,artsy_2631.jpg,2500.0
2632,artsy_2632.jpg,9200.0
2633,artsy_2633.jpg,15000.0
2634,artsy_2634.jpg,2137.02
2635,artsy_2635.jpg,1500.0
2636,artsy_2636.jpg,2400.0
2637,artsy_2637.jpg,800.0
2638,artsy_2638.jpg,1500.0
2639,artsy_2639.jpg,14682.5
2640,artsy_2640.jpg,1644.44
2641,artsy_2641.jpg,750.0
2642,artsy_2642.jpg,5800.0
2643,artsy_2643.jpg,15000.0
2644,artsy_2644.jpg,6812.68
2645,artsy_2645.jpg,8500.0
2646,artsy_2646.jpg,10806.32
2647,artsy_2647.jpg,10754.01
2648,artsy_2648.jpg,20000.0
2649,artsy_2649.jpg,400.0
2650,artsy_2650.jpg,7295.0
2651,artsy_2651.jpg,8500.0
2652,artsy_2652.jpg,3200.0
2653,artsy_2653.jpg,2300.0
2654,artsy_2654.jpg,7500.0
2655,artsy_2655.jpg,1200.0
2656,artsy_2656.jpg,14895.0
2657,artsy_2657.jpg,2000.0
2658,artsy_2658.jpg,2250.0
2659,artsy_2659.jpg,4000.0
2660,artsy_2660.jpg,5400.0
2661,artsy_2661.jpg,1695.0
2662,artsy_2662.jpg,7600.0
2663,artsy_2663.jpg,6800.0
2664,artsy_2664.jpg,3800.0
2665,artsy_2665.jpg,3495.0
2666,artsy_2666.jpg,575.0
2667,artsy_2667.jpg,12000.0
2668,artsy_2668.jpg,8900.0
2669,artsy_2669.jpg,6000.0
2670,artsy_2670.jpg,275.0
2671,artsy_2671.jpg,4698.4
2672,artsy_2672.jpg,4695.0
2673,artsy_2673.jpg,8625.0
2674,artsy_2674.jpg,3000.0
2675,artsy_2675.jpg,1800.0
2676,artsy_2676.jpg,20000.0
2677,artsy_2677.jpg,6500.0
2678,artsy_2678.jpg,700.0
2679,artsy_2679.jpg,4000.0
2680,artsy_2680.jpg,5895.0
2681,artsy_2681.jpg,16000.0
2682,artsy_2682.jpg,6800.0
2683,artsy_2683.jpg,19550.0
2684,artsy_2684.jpg,14500.0
2685,artsy_2685.jpg,6000.0
2686,artsy_2686.jpg,3053.96
2687,artsy_2687.jpg,950.0
2688,artsy_2688.jpg,9500.0
2689,artsy_2689.jpg,2000.0
2690,artsy_2690.jpg,12500.0
2691,artsy_2691.jpg,758.3
2692,artsy_2692.jpg,6300.0
2693,artsy_2693.jpg,8495.0
2694,artsy_2694.jpg,6500.0
2695,artsy_2695.jpg,5000.0
2696,artsy_2696.jpg,4698.4
2697,artsy_2697.jpg,2895.0
2698,artsy_2698.jpg,4000.0
2699,artsy_2699.jpg,5755.54
2700,artsy_2700.jpg,6700.0
2701,artsy_2701.jpg,15000.0
2702,artsy_2702.jpg,6600.0
2703,artsy_2703.jpg,2500.0
2704,artsy_2704.jpg,5225.0
2705,artsy_2705.jpg,4000.0
2706,artsy_2706.jpg,3308.93
2707,artsy_2707.jpg,6460.3
2708,artsy_2708.jpg,15000.0
2709,artsy_2709.jpg,2500.0
2710,artsy_2710.jpg,450.0
2711,artsy_2711.jpg,950.0
2712,artsy_2712.jpg,2100.0
2713,artsy_2713.jpg,4698.4
2714,artsy_2714.jpg,4111.1
2715,artsy_2715.jpg,14000.0
2716,artsy_2716.jpg,10000.0
2717,artsy_2717.jpg,15895.0
2718,artsy_2718.jpg,12000.0
2719,artsy_2719.jpg,11628.54
2720,artsy_2720.jpg,650.0
2721,artsy_2721.jpg,4500.0
2722,artsy_2722.jpg,400.0
2723,artsy_2723.jpg,10000.0
2724,artsy_2724.jpg,400.0
2725,artsy_2725.jpg,1409.52
2726,artsy_2726.jpg,1200.0
2727,artsy_2727.jpg,10400.0
2728,artsy_2728.jpg,13500.0
2729,artsy_2729.jpg,4463.48
2730,artsy_2730.jpg,4000.0
2731,artsy_2731.jpg,2757.44
2732,artsy_2732.jpg,9279.34
2733,artsy_2733.jpg,950.0
2734,artsy_2734.jpg,12000.0
2735,artsy_2735.jpg,234.92
2736,artsy_2736.jpg,2700.0
2737,artsy_2737.jpg,3288.88
2738,artsy_2738.jpg,5500.0
2739,artsy_2739.jpg,10000.0
2740,artsy_2740.jpg,20000.0
2741,artsy_2741.jpg,18100.0
2742,artsy_2742.jpg,340.63
2743,artsy_2743.jpg,7000.0
2744,artsy_2744.jpg,3500.0
2745,artsy_2745.jpg,5800.0
2746,artsy_2746.jpg,125.0
2747,artsy_2747.jpg,400.0
2748,artsy_2748.jpg,2701.58
2749,artsy_2749.jpg,4000.0
2750,artsy_2750.jpg,3500.0
2751,artsy_2751.jpg,10000.0
2752,artsy_2752.jpg,10500.0
2753,artsy_2753.jpg,2068.08
2754,artsy_2754.jpg,15000.0
2755,artsy_2755.jpg,45.0
2756,artsy_2756.jpg,646.03
2757,artsy_2757.jpg,7125.0
2758,artsy_2758.jpg,6460.3
2759,artsy_2759.jpg,2800.0
2760,artsy_2760.jpg,8926.96
2761,artsy_2761.jpg,1644.44
2762,artsy_2762.jpg,16544.63
2763,artsy_2763.jpg,18000.0
2764,artsy_2764.jpg,4900.0
2765,artsy_2765.jpg,3523.8
2766,artsy_2766.jpg,2000.0
2767,artsy_2767.jpg,6350.0
2768,artsy_2768.jpg,4495.0
2769,artsy_2769.jpg,12000.0
2770,artsy_2770.jpg,1585.71
2771,artsy_2771.jpg,12000.0
2772,artsy_2772.jpg,5500.0
2773,artsy_2773.jpg,15269.8
2774,artsy_2774.jpg,1292.06
2775,artsy_2775.jpg,6800.0
2776,artsy_2776.jpg,2500.0
2777,artsy_2777.jpg,653.51
2778,artsy_2778.jpg,1200.0
2779,artsy_2779.jpg,1292.06
2780,artsy_2780.jpg,3171.42
2781,artsy_2781.jpg,1309.78
2782,artsy_2782.jpg,8500.0
2783,artsy_2783.jpg,3758.72
2784,artsy_2784.jpg,9000.0
2785,artsy_2785.jpg,3000.0
2786,artsy_2786.jpg,3800.0
2787,artsy_2787.jpg,400.0
2788,artsy_2788.jpg,12000.0
2789,artsy_2789.jpg,5500.0
2790,artsy_2790.jpg,5638.08
2791,artsy_2791.jpg,8500.0
2792,artsy_2792.jpg,12000.0
2793,artsy_2793.jpg,13000.0
2794,artsy_2794.jpg,800.0
2795,artsy_2795.jpg,16444.4
2796,artsy_2796.jpg,3512.05
2797,artsy_2797.jpg,7750.0
2798,artsy_2798.jpg,2349.2
2799,artsy_2799.jpg,8500.0
2800,artsy_2800.jpg,1200.0
2801,artsy_2801.jpg,125.0
2802,artsy_2802.jpg,1500.0
2803,artsy_2803.jpg,9130.0
2804,artsy_2804.jpg,3600.0
2805,artsy_2805.jpg,1000.0
2806,artsy_2806.jpg,5755.54
2807,artsy_2807.jpg,4992.05
2808,artsy_2808.jpg,7500.0
2809,artsy_2809.jpg,2757.44
2810,artsy_2810.jpg,2800.0
2811,artsy_2811.jpg,10600.0
2812,artsy_2812.jpg,1400.0
2813,artsy_2813.jpg,4346.02
2814,artsy_2814.jpg,2000.0
2815,artsy_2815.jpg,575.0
2816,artsy_2816.jpg,5500.0
2817,artsy_2817.jpg,2500.0
2818,artsy_2818.jpg,1760.0
2819,artsy_2819.jpg,20000.0
2820,artsy_2820.jpg,7040.0
2821,artsy_2821.jpg,8800.0
2822,artsy_2822.jpg,5850.0
2823,artsy_2823.jpg,14950.0
2824,artsy_2824.jpg,12333.3
2825,artsy_2825.jpg,8222.2
2826,artsy_2826.jpg,7000.0
2827,artsy_2827.jpg,350.0
2828,artsy_2828.jpg,9926.78
2829,artsy_2829.jpg,5500.0
2830,artsy_2830.jpg,3600.0
2831,artsy_2831.jpg,3495.0
2832,artsy_2832.jpg,17500.0
2833,artsy_2833.jpg,8800.0
2834,artsy_2834.jpg,1950.0
2835,artsy_2835.jpg,14000.0
2836,artsy_2836.jpg,8500.0
2837,artsy_2837.jpg,14000.0
2838,artsy_2838.jpg,2000.0
2839,artsy_2839.jpg,17854.42
2840,artsy_2840.jpg,3758.72
2841,artsy_2841.jpg,6100.0
2842,artsy_2842.jpg,4346.02
2843,artsy_2843.jpg,11158.7
2844,artsy_2844.jpg,12920.6
2845,artsy_2845.jpg,15269.8
2846,artsy_2846.jpg,2757.44
2847,artsy_2847.jpg,1115.87
2848,artsy_2848.jpg,2800.0
2849,artsy_2849.jpg,234.92
2850,artsy_2850.jpg,587.3
2851,artsy_2851.jpg,7752.36
2852,artsy_2852.jpg,1200.0
2853,artsy_2853.jpg,14895.0
2854,artsy_2854.jpg,2500.0
2855,artsy_2855.jpg,125.0
2856,artsy_2856.jpg,6500.0
2857,artsy_2857.jpg,1174.6
2858,artsy_2858.jpg,6000.0
2859,artsy_2859.jpg,14062.94
2860,artsy_2860.jpg,13500.0
2861,artsy_2861.jpg,15855.27
2862,artsy_2862.jpg,2000.0
2863,artsy_2863.jpg,625.0
2864,artsy_2864.jpg,13000.0
2865,artsy_2865.jpg,1760.0
2866,artsy_2866.jpg,1350.0
2867,artsy_2867.jpg,3295.0
2868,artsy_2868.jpg,4000.0
2869,artsy_2869.jpg,8895.0
2870,artsy_2870.jpg,2349.2
2871,artsy_2871.jpg,5495.0
2872,artsy_2872.jpg,2100.0
2873,artsy_2873.jpg,1750.0
2874,artsy_2874.jpg,1500.0
2875,artsy_2875.jpg,3000.0
2876,artsy_2876.jpg,20000.0
2877,artsy_2877.jpg,2349.2
2878,artsy_2878.jpg,6500.0
2879,artsy_2879.jpg,12200.0
2880,artsy_2880.jpg,3758.72
2881,artsy_2881.jpg,1155.0
2882,artsy_2882.jpg,8500.0
2883,artsy_2883.jpg,16000.0
2884,artsy_2884.jpg,3895.0
2885,artsy_2885.jpg,3584.67
2886,artsy_2886.jpg,8500.0
2887,artsy_2887.jpg,14000.0
2888,artsy_2888.jpg,6675.0
2889,artsy_2889.jpg,6000.0
2890,artsy_2890.jpg,15000.0
2891,artsy_2891.jpg,850.0
2892,artsy_2892.jpg,5000.0
2893,artsy_2893.jpg,15000.0
2894,artsy_2894.jpg,4228.56
2895,artsy_2895.jpg,4500.0
2896,artsy_2896.jpg,395.0
2897,artsy_2897.jpg,16444.4
2898,artsy_2898.jpg,5800.0
2899,artsy_2899.jpg,5500.0
2900,artsy_2900.jpg,998.41
2901,artsy_2901.jpg,6000.0
2902,artsy_2902.jpg,1210.0
2903,artsy_2903.jpg,45.0
2904,artsy_2904.jpg,20000.0
2905,artsy_2905.jpg,500.0
2906,artsy_2906.jpg,2800.0
2907,artsy_2907.jpg,1400.0
2908,artsy_2908.jpg,6210.0
2909,artsy_2909.jpg,9850.0
2910,artsy_2910.jpg,450.0
2911,artsy_2911.jpg,700.0
2912,artsy_2912.jpg,1400.0
2913,artsy_2913.jpg,5285.7
2914,artsy_2914.jpg,3800.0
2915,artsy_2915.jpg,10050.0
2916,artsy_2916.jpg,8222.2
2917,artsy_2917.jpg,11000.0
2918,artsy_2918.jpg,1100.0
2919,artsy_2919.jpg,3000.0
2920,artsy_2920.jpg,2200.0
2921,artsy_2921.jpg,7000.0
2922,artsy_2922.jpg,5100.0
2923,artsy_2923.jpg,10000.0
2924,artsy_2924.jpg,3000.0
2925,artsy_2925.jpg,7500.0
2926,artsy_2926.jpg,800.0
2927,artsy_2927.jpg,2800.0
2928,artsy_2928.jpg,8000.0
2929,artsy_2929.jpg,10000.0
2930,artsy_2930.jpg,9800.0
2931,artsy_2931.jpg,4025.0
2932,artsy_2932.jpg,6107.92
2933,artsy_2933.jpg,1938.09
2934,artsy_2934.jpg,16444.4
2935,artsy_2935.jpg,12333.3
2936,artsy_2936.jpg,3000.0
2937,artsy_2937.jpg,5500.0
2938,artsy_2938.jpg,10571.4
2939,artsy_2939.jpg,4800.0
2940,artsy_2940.jpg,2349.2
2941,artsy_2941.jpg,7495.0
2942,artsy_2942.jpg,10000.0
2943,artsy_2943.jpg,3500.0
2944,artsy_2944.jpg,5200.0
2945,artsy_2945.jpg,400.0
2946,artsy_2946.jpg,45.0
2947,artsy_2947.jpg,4500.0
2948,artsy_2948.jpg,2349.2
2949,artsy_2949.jpg,4500.0
2950,artsy_2950.jpg,8295.0
2951,artsy_2951.jpg,3288.88
2952,artsy_2952.jpg,2500.0
2953,artsy_2953.jpg,6500.0
2954,artsy_2954.jpg,125.0
2955,artsy_2955.jpg,939.68
2956,artsy_2956.jpg,8500.0
2957,artsy_2957.jpg,3500.0
2958,artsy_2958.jpg,450.0
2959,artsy_2959.jpg,1761.9
2960,artsy_2960.jpg,4500.0
2961,artsy_2961.jpg,18793.6
2962,artsy_2962.jpg,16544.63
2963,artsy_2963.jpg,2900.0
2964,artsy_2964.jpg,9200.0
2965,artsy_2965.jpg,2895.0
2966,artsy_2966.jpg,5300.0
2967,artsy_2967.jpg,6400.0
2968,artsy_2968.jpg,5285.7
2969,artsy_2969.jpg,5500.0
2970,artsy_2970.jpg,15000.0
2971,artsy_2971.jpg,3800.0
2972,artsy_2972.jpg,822.22
2973,artsy_2973.jpg,11158.7
2974,artsy_2974.jpg,4200.0
2975,artsy_2975.jpg,450.0
2976,artsy_2976.jpg,2936.5
2977,artsy_2977.jpg,10000.0
2978,artsy_2978.jpg,950.0
2979,artsy_2979.jpg,8500.0
2980,artsy_2980.jpg,3495.0
2981,artsy_2981.jpg,2800.0
2982,artsy_2982.jpg,13000.0
2983,artsy_2983.jpg,11158.7
2984,artsy_2984.jpg,6893.6
2985,artsy_2985.jpg,1761.9
2986,artsy_2986.jpg,12000.0
2987,artsy_2987.jpg,17500.0
2988,artsy_2988.jpg,5500.0
2989,artsy_2989.jpg,1200.0
2990,artsy_2990.jpg,9900.0
2991,artsy_2991.jpg,16000.0
2992,artsy_2992.jpg,12000.0
2993,artsy_2993.jpg,750.0
2994,artsy_2994.jpg,482.55
2995,artsy_2995.jpg,7282.52
2996,artsy_2996.jpg,450.0
2997,artsy_2997.jpg,9895.0
2998,artsy_2998.jpg,8000.0
2999,artsy_2999.jpg,1800.0
